ts_code,trade_date,close,open,high,low,pre_close,change,pct_chg,vol,amount
930903.CSI,20240827,2595.4568,2612.7342,2612.7342,2590.8031,2620.1974,-24.7406,-0.9442,552671719.12,502001761.782
930903.CSI,20240828,2590.831,2589.3709,2601.7206,2584.2793,2595.4568,-4.6258,-0.1782,535891927.87,485089503.891
930903.CSI,20240829,2605.2038,2580.6501,2613.2362,2578.3595,2590.831,14.3728,0.5548,635410568.16,594952554.022
930903.CSI,20240830,2647.797,2603.2776,2676.2702,2603.2776,2605.2038,42.5932,1.6349,897574233.67,862762278.343
930903.CSI,20240902,2600.4872,2640.9554,2643.6035,2600.4872,2647.797,-47.3098,-1.7868,754404709.89,693855057.346
930903.CSI,20240903,2616.6104,2598.1801,2624.5693,2598.1801,2600.4872,16.1232,0.62,623618769.41,568158972.19
930903.CSI,20240904,2601.2129,2600.3421,2621.1093,2596.6287,2616.6104,-15.3975,-0.5885,591285832.74,545239413.804
930903.CSI,20240905,2612.7405,2602.2234,2622.4363,2602.2107,2601.2129,11.5276,0.4432,570732317.26,524055677.577
930903.CSI,20240906,2581.1291,2614.9576,2619.1173,2580.8074,2612.7405,-31.6114,-1.2099,591878835.42,529959598.498
930903.CSI,20240909,2558.9134,2568.9307,2575.3575,2548.5034,2581.1291,-22.2157,-0.8607,570629618.73,508194269.359
930903.CSI,20240910,2563.835,2560.159,2572.4978,2531.931,2558.9134,4.9216,0.1923,590564005.74,517831047.892
930903.CSI,20240911,2557.5337,2554.9713,2566.8505,2547.2237,2563.835,-6.3013,-0.2458,537860024.02,490732321.892
930903.CSI,20240912,2548.2048,2560.0073,2576.7736,2548.0311,2557.5337,-9.3289,-0.3648,558213109.05,505466452.047
930903.CSI,20240913,2528.618,2549.5612,2556.0414,2528.618,2548.2048,-19.5868,-0.7687,581486451.04,515140222.108
930903.CSI,20240918,2530.3456,2528.2115,2538.0558,2503.8007,2528.618,1.7276,0.0683,564803618.53,471416962.594
930903.CSI,20240919,2562.9975,2538.3649,2579.199,2519.5088,2530.3456,32.6519,1.2904,709690351.74,617808993.813
930903.CSI,20240920,2560.8356,2561.0921,2564.8742,2543.096,2562.9975,-2.1619,-0.0844,649352631.41,564889817.402
930903.CSI,20240923,2566.7024,2559.8042,2580.8624,2554.3424,2560.8356,5.8668,0.2291,606141319.45,542305307.817
930903.CSI,20240924,2670.7424,2585.3052,2670.7424,2571.7818,2566.7024,104.04,4.0535,1043113843.46,959723571.997
930903.CSI,20240925,2704.7241,2704.2579,2760.5856,2699.2286,2670.7424,33.9817,1.2724,1257667000.48,1143742707.734
930903.CSI,20240926,2813.5735,2701.1314,2813.5735,2697.7583,2704.7241,108.8494,4.0244,1257056444.73,1148135241.806
930903.CSI,20240927,2948.9669,2865.0113,2958.943,2855.0412,2813.5735,135.3934,4.8122,1412005683.76,1431213647.958
930903.CSI,20240930,3233.85,3072.3567,3248.4883,3029.8694,2948.9669,284.8831,9.6604,2377039027.93,2563312714.22
930903.CSI,20241008,3461.4726,3609.6323,3609.6323,3300.4477,3233.85,227.6226,7.0387,2850754756.18,3413764525.793
930903.CSI,20241009,3202.9199,3380.462,3403.3762,3193.6183,3461.4726,-258.5527,-7.4694,2238162837.89,2919475183.678
930903.CSI,20241010,3208.8999,3223.7749,3302.4976,3149.4402,3202.9199,5.98,0.1867,1772574451.39,2124447780.758
930903.CSI,20241011,3101.0883,3185.4871,3185.4871,3067.428,3208.8999,-107.8116,-3.3598,1348435485.89,1551215388.826
930903.CSI,20241014,3180.5481,3121.4697,3188.3011,3077.9863,3101.0883,79.4598,2.5623,1379553716.64,1620115403.41
930903.CSI,20241015,3108.8154,3164.037,3204.7577,3108.8154,3180.5481,-71.7327,-2.2554,1347192510.93,1621358522.082
930903.CSI,20241016,3102.6024,3066.5127,3140.4449,3065.6795,3108.8154,-6.213,-0.1999,1196410655.24,1359345101.122
930903.CSI,20241017,3079.2247,3122.3123,3147.8294,3078.8389,3102.6024,-23.3777,-0.7535,1278145557.29,1488713625.517
930903.CSI,20241018,3194.0063,3072.4604,3256.6358,3068.5022,3079.2247,114.7816,3.7276,1633581075.94,2093521215.711
930903.CSI,20241021,3229.2506,3214.2764,3269.0018,3187.0443,3194.0063,35.2443,1.1035,1625781594.36,2188248681.834
930903.CSI,20241022,3250.6401,3225.8193,3266.2,3212.9056,3229.2506,21.3895,0.6624,1496090281.27,1925445863.543
930903.CSI,20241023,3262.3025,3246.2899,3300.807,3236.031,3250.6401,11.6624,0.3588,1558505705.46,1933943617.788
930903.CSI,20241024,3236.4621,3244.8062,3252.9683,3222.7685,3262.3025,-25.8404,-0.7921,1255606140.52,1528413754.911
930903.CSI,20241025,3278.7932,3241.7611,3304.9085,3241.7611,3236.4621,42.3311,1.3079,1454190091.31,1792341556.629
930903.CSI,20241028,3317.1482,3281.6347,3317.1482,3265.6924,3278.7932,38.355,1.1698,1617591666.71,1871435162.985
930903.CSI,20241029,3277.3765,3327.2122,3335.9275,3276.3562,3317.1482,-39.7717,-1.199,1741870096.71,2074462990.766
930903.CSI,20241030,3272.3511,3261.1007,3292.2457,3242.9515,3277.3765,-5.0254,-0.1533,1581241116.58,1858111957.221
930903.CSI,20241031,3298.6234,3275.1527,3317.4634,3260.2333,3272.3511,26.2723,0.8029,1867755319.05,2224541570.628
930903.CSI,20241101,3249.2779,3291.74,3307.4809,3240.7718,3298.6234,-49.3455,-1.4959,2012712624.8,2231387071.96
930903.CSI,20241104,3304.2312,3247.8702,3304.2312,3247.8702,3249.2779,54.9533,1.6912,1477237675.47,1696684126.487
930903.CSI,20241105,3401.8637,3302.3108,3404.4082,3296.4547,3304.2312,97.6325,2.9548,1890430604.83,2314803868.46
930903.CSI,20241106,3405.208,3412.5564,3449.778,3384.6714,3401.8637,3.3443,0.0983,2098970938.47,2581289304.171
930903.CSI,20241107,3491.611,3375.9573,3491.611,3371.6507,3405.208,86.403,2.5374,2162472982.35,2519842053.235
930903.CSI,20241108,3477.0811,3529.4956,3540.2967,3468.4491,3491.611,-14.5299,-0.4161,2197542363.09,2686667475.218
930903.CSI,20241111,3524.9242,3457.3913,3525.451,3454.6908,3477.0811,47.8431,1.376,1920968133.57,2503421629.373
930903.CSI,20241112,3484.0576,3529.3682,3552.5347,3455.9804,3524.9242,-40.8666,-1.1594,1924830117.42,2542366865.279
930903.CSI,20241113,3493.3085,3463.3671,3495.7867,3438.7194,3484.0576,9.2509,0.2655,1549891872.52,1998734405.245
930903.CSI,20241114,3408.5195,3484.0346,3490.544,3404.599,3493.3085,-84.789,-2.4272,1439754052.44,1832683672.987
930903.CSI,20241115,3338.4311,3395.3015,3423.8132,3338.4311,3408.5195,-70.0884,-2.0563,1449233722.02,1828793971.821
930903.CSI,20241118,3291.7717,3350.6792,3368.293,3273.8064,3338.4311,-46.6594,-1.3976,1601951427.65,1768378376.048
930903.CSI,20241119,3342.1561,3293.6679,3342.3389,3256.5986,3291.7717,50.3844,1.5306,1385141755.97,1570843996.549
930903.CSI,20241120,3379.075,3333.2853,3389.301,3329.3228,3342.1561,36.9189,1.1046,1370934484.14,1623935021.217
930903.CSI,20241121,3383.614,3372.5493,3395.2734,3357.1864,3379.075,4.539,0.1343,1339104333.64,1626574209.34
930903.CSI,20241122,3269.1592,3376.6616,3385.7601,3269.1592,3383.614,-114.4548,-3.3826,1543378992.97,1800359801.816
930903.CSI,20241125,3271.0749,3276.0593,3287.0176,3227.6166,3269.1592,1.9157,0.0586,1296855667.44,1499113694.287
930903.CSI,20241126,3249.5829,3262.7614,3290.6996,3248.3027,3271.0749,-21.492,-0.657,1173150082.91,1310217186.366
930903.CSI,20241127,3310.1757,3235.0746,3310.2302,3204.4632,3249.5829,60.5928,1.8646,1292173401.25,1460956806.43
930903.CSI,20241128,3292.1492,3309.9175,3323.6581,3286.9827,3310.1757,-18.0265,-0.5446,1351893568.9,1499940725.862
930903.CSI,20241129,3338.6485,3286.5554,3369.9642,3282.4467,3292.1492,46.4993,1.4124,1459762136.66,1716019987.654
930903.CSI,20241202,3388.7402,3337.7636,3394.2652,3335.8775,3338.6485,50.0917,1.5004,1596123617.02,1796846247.848
930903.CSI,20241203,3391.311,3391.0219,3404.7969,3363.5734,3388.7402,2.5708,0.0759,1593391905.74,1728527288.473
930903.CSI,20241204,3358.8653,3387.6087,3395.5914,3344.9397,3391.311,-32.4457,-0.9567,1537433311.44,1667535845.693
930903.CSI,20241205,3375.5724,3346.5347,3383.3714,3346.5322,3358.8653,16.7071,0.4974,1376045275.2,1499123774.68
930903.CSI,20241206,3415.3107,3378.7554,3432.3298,3365.4471,3375.5724,39.7383,1.1772,1709362120.44,1787237949.307
930903.CSI,20241209,3403.0095,3414.0219,3429.4523,3381.8007,3415.3107,-12.3012,-0.3602,1629918205.07,1630718285.258
930903.CSI,20241210,3428.9178,3508.5178,3512.4595,3423.4956,3403.0095,25.9083,0.7613,1945363155.97,2192439919.338
930903.CSI,20241211,3448.7597,3419.2282,3451.3077,3419.0812,3428.9178,19.8419,0.5787,1678721610.31,1770937096.543
930903.CSI,20241212,3480.8393,3448.4295,3482.7726,3435.334,3448.7597,32.0796,0.9302,1721664843.73,1859176184.715
930903.CSI,20241213,3408.4569,3458.2339,3458.2339,3407.2873,3480.8393,-72.3824,-2.0795,1834555002.87,2062310246.85
930903.CSI,20241216,3381.6002,3407.3395,3413.1023,3369.2709,3408.4569,-26.8567,-0.7879,1529821245.6,1691968395.261
930903.CSI,20241217,3337.8333,3374.8767,3385.8144,3333.8208,3381.6002,-43.7669,-1.2943,1406035821.97,1500260801.226
930903.CSI,20241218,3358.6845,3344.6645,3377.108,3335.9305,3337.8333,20.8512,0.6247,1236331472.31,1354290284.97
930903.CSI,20241219,3361.8339,3326.82,3369.8471,3319.9891,3358.6845,3.1494,0.0938,1259659681.53,1443234903.066
930903.CSI,20241220,3369.5271,3354.782,3394.1807,3354.782,3361.8339,7.6932,0.2288,1206860389.64,1505777466.797
930903.CSI,20241223,3314.894,3367.6069,3374.5336,3311.345,3369.5271,-54.6331,-1.6214,1330871729.03,1519804450.508
930903.CSI,20241224,3352.8365,3318.8328,3353.1355,3313.0692,3314.894,37.9425,1.1446,1117175275.68,1293858768.859
930903.CSI,20241225,3326.4126,3352.4599,3353.4346,3304.4815,3352.8365,-26.4239,-0.7881,1121637119.45,1270201840.212
930903.CSI,20241226,3345.6178,3321.4587,3353.9332,3318.5795,3326.4126,19.2052,0.5774,999386832.25,1261601504.274
930903.CSI,20241227,3350.0484,3346.6656,3381.7392,3341.0565,3345.6178,4.4306,0.1324,1162907527.56,1422514693.272
930903.CSI,20241230,3346.6491,3344.7134,3358.2454,3332.0212,3350.0484,-3.3993,-0.1015,1043244357.76,1261979233.049
930903.CSI,20241231,3271.7531,3346.9511,3351.053,3271.7531,3346.6491,-74.896,-2.2379,1128093196.83,1334004724.397
930903.CSI,20250102,3185.4261,3267.607,3270.292,3161.1166,3271.7531,-86.327,-2.6386,1221246292.52,1385096345.778
930903.CSI,20250103,3115.2549,3190.3963,3197.2568,3111.9999,3185.4261,-70.1712,-2.2029,1180512781.98,1254883693.273
930903.CSI,20250106,3105.9875,3110.809,3132.0156,3084.524,3115.2549,-9.2674,-0.2975,999066597.89,1049847203.821
930903.CSI,20250107,3145.7699,3103.8033,3146.475,3096.6452,3105.9875,39.7824,1.2808,981868474.57,1068069451.831
930903.CSI,20250108,3139.9332,3132.7941,3159.5453,3070.9016,3145.7699,-5.8367,-0.1855,1139195189.49,1235271652.293
930903.CSI,20250109,3139.7141,3128.2019,3156.3939,3125.3252,3139.9332,-0.2191,-0.007,972763509.78,1105221595.774
930903.CSI,20250110,3082.5315,3136.3773,3153.0014,3082.5315,3139.7141,-57.1826,-1.8213,1001827174.1,1135650147.355
930903.CSI,20250113,3080.2755,3053.4856,3097.6434,3051.1172,3082.5315,-2.256,-0.0732,862246224.01,955252845.224
930903.CSI,20250114,3190.6734,3088.7924,3193.2361,3083.6521,3080.2755,110.3979,3.584,1145388502.82,1345418431.385
930903.CSI,20250115,3171.4062,3185.5806,3192.7614,3164.7233,3190.6734,-19.2672,-0.6039,1019470832.25,1186407409.245
930903.CSI,20250116,3182.6193,3186.1375,3225.0433,3158.6243,3171.4062,11.2131,0.3536,1096976248.35,1269053820.898
930903.CSI,20250117,3193.3462,3171.2491,3212.1816,3166.3484,3182.6193,10.7269,0.337,946009081.32,1129565064.42
930903.CSI,20250120,3212.147,3213.2273,3235.1528,3203.0423,3193.3462,18.8008,0.5887,977965091.58,1176102455.823
930903.CSI,20250121,3217.1925,3228.2839,3230.2702,3194.7271,3212.147,5.0455,0.1571,966827070.92,1195126703.956
930903.CSI,20250122,3187.2256,3205.2465,3205.2465,3176.4064,3217.1925,-29.9669,-0.9315,882970799.82,1124858880.651
930903.CSI,20250123,3184.2444,3216.2322,3249.6551,3184.2444,3187.2256,-2.9812,-0.0935,1089525374.84,1341913965.027
930903.CSI,20250124,3219.124,3175.4474,3222.7547,3175.4019,3184.2444,34.8796,1.0954,971286790.16,1211588975.624
930903.CSI,20250127,3190.4846,3224.4893,3235.4354,3190.4846,3219.124,-28.6394,-0.8897,903470693.96,1105444300.064
930903.CSI,20250205,3195.1538,3216.6938,3218.2918,3183.2958,3190.4846,4.6692,0.1463,975479578.2,1279635252.24
930903.CSI,20250206,3256.9051,3190.1963,3257.1445,3186.9141,3195.1538,61.7513,1.9327,1159331011.07,1530512435.822
930903.CSI,20250207,3303.803,3258.2353,3330.4583,3253.463,3256.9051,46.8979,1.44,1472661959.35,1961297058.788
930903.CSI,20250210,3334.274,3311.9858,3335.7795,3299.6573,3303.803,30.471,0.9223,1353189254.86,1734927323.687
930903.CSI,20250211,3320.5772,3335.8305,3335.8305,3307.1481,3334.274,-13.6968,-0.4108,1274946869.84,1651068099.208
930903.CSI,20250212,3359.8051,3312.6646,3359.8051,3311.2245,3320.5772,39.2279,1.1814,1266684055.37,1688422495.163
930903.CSI,20250213,3337.8794,3357.6539,3371.4289,3335.1166,3359.8051,-21.9257,-0.6526,1398154697.27,1830819252.925
930903.CSI,20250214,3358.6637,3332.3584,3361.9314,3328.692,3337.8794,20.7843,0.6227,1307508310.55,1722722605.017
930903.CSI,20250217,3375.8958,3373.5869,3381.7808,3350.0734,3358.6637,17.2321,0.5131,1444238791.72,1947359773.526
930903.CSI,20250218,3320.8402,3369.7685,3377.7444,3309.8376,3375.8958,-55.0556,-1.6308,1387620792.93,1800230360.277
930903.CSI,20250219,3371.5674,3316.6937,3371.8444,3316.6937,3320.8402,50.7272,1.5275,1241475782.95,1726448922.494
930903.CSI,20250220,3380.176,3369.2222,3387.7007,3360.0174,3371.5674,8.6086,0.2553,1277681415.0,1768133256.681
930903.CSI,20250221,3426.4779,3386.8808,3428.1666,3371.6721,3380.176,46.3019,1.3698,1504250235.87,2204466535.451
930903.CSI,20250224,3425.178,3423.4778,3440.256,3402.284,3426.4779,-1.2999,-0.0379,1468310249.38,2088750616.891
930903.CSI,20250225,3396.8402,3385.2099,3426.7505,3380.788,3425.178,-28.3378,-0.8273,1327170605.53,1899201852.136
930903.CSI,20250226,3435.9369,3403.6146,3435.9369,3401.9254,3396.8402,39.0967,1.151,1384745796.48,1943405980.959
930903.CSI,20250227,3433.6222,3436.2317,3447.6768,3390.4547,3435.9369,-2.3147,-0.0674,1459276425.17,2013067290.198
930903.CSI,20250228,3339.9955,3416.5257,3419.0753,3334.6799,3433.6222,-93.6267,-2.7268,1380832237.29,1873950974.234
930903.CSI,20250303,3344.2652,3349.0822,3387.5848,3327.2094,3339.9955,4.2697,0.1278,1217082928.58,1634460454.659
930903.CSI,20250304,3364.6891,3320.9082,3366.1563,3319.6092,3344.2652,20.4239,0.6107,1061039947.72,1451429245.682
930903.CSI,20250305,3380.4681,3365.6233,3380.952,3346.869,3364.6891,15.779,0.469,1126285088.87,1520060615.857
930903.CSI,20250306,3436.0882,3397.7349,3443.5777,3395.9395,3380.4681,55.6201,1.6453,1353724653.09,1924257819.202
930903.CSI,20250307,3421.4262,3425.3046,3446.2786,3407.543,3436.0882,-14.662,-0.4267,1330011532.58,1833807881.075
930903.CSI,20250310,3419.4669,3424.7917,3432.8221,3395.9291,3421.4262,-1.9593,-0.0573,1118470033.12,1520945379.161
930903.CSI,20250311,3432.3195,3380.3562,3432.3197,3379.2265,3419.4669,12.8526,0.3759,1106027392.01,1488642536.262
930903.CSI,20250312,3432.2442,3442.8547,3458.8042,3428.7777,3432.3195,-0.0753,-0.0022,1248115311.45,1693900301.599
930903.CSI,20250313,3401.9252,3428.6495,3436.7483,3379.4713,3432.2442,-30.319,-0.8834,1239202052.91,1617858586.794
930903.CSI,20250314,3471.7019,3403.9906,3471.7019,3400.8388,3401.9252,69.7767,2.0511,1335405903.31,1812751365.405
930903.CSI,20250317,3475.7445,3482.9533,3488.2388,3470.5557,3471.7019,4.0426,0.1164,1210617362.0,1593615564.258
930903.CSI,20250318,3488.2164,3486.3597,3496.4296,3474.3366,3475.7445,12.4719,0.3588,1115675034.07,1532817271.726
930903.CSI,20250319,3476.9313,3481.1666,3492.868,3463.0258,3488.2164,-11.2851,-0.3235,1088842086.56,1477561108.43
930903.CSI,20250320,3455.7349,3474.3065,3480.9154,3452.2779,3476.9313,-21.1964,-0.6096,1099876787.81,1447903373.376
930903.CSI,20250321,3398.0187,3444.7212,3455.81,3388.7678,3455.7349,-57.7162,-1.6702,1239910635.41,1550579706.974
930903.CSI,20250324,3389.0361,3397.5813,3403.4178,3344.8175,3398.0187,-8.9826,-0.2643,1227888199.43,1446536177.37
930903.CSI,20250325,3376.1687,3387.8942,3397.2915,3365.8467,3389.0361,-12.8674,-0.3797,1049328145.89,1261983387.617
930903.CSI,20250326,3380.2149,3370.4071,3396.4579,3370.4071,3376.1687,4.0462,0.1198,980427588.45,1156446511.589
930903.CSI,20250327,3381.0235,3371.5529,3405.7318,3351.3174,3380.2149,0.8086,0.0239,971185231.22,1186995072.857
930903.CSI,20250328,3354.4884,3378.3825,3385.9101,3351.0993,3381.0235,-26.5351,-0.7848,950989643.04,1119235701.49
930903.CSI,20250331,3325.4107,3339.1863,3351.0499,3297.3559,3354.4884,-29.0777,-0.8668,1023351420.27,1216259165.448
930903.CSI,20250401,3337.7402,3331.7491,3355.6861,3330.3531,3325.4107,12.3295,0.3708,914883856.51,1128897329.976
930903.CSI,20250402,3339.8758,3334.0085,3357.7661,3332.9883,3337.7402,2.1356,0.064,796336634.86,969330689.884
930903.CSI,20250403,3313.9367,3304.5123,3342.5249,3298.879,3339.8758,-25.9391,-0.7766,912214318.51,1131780384.702
930903.CSI,20250407,3007.0184,3132.1723,3158.7054,2960.6343,3313.9367,-306.9183,-9.2614,1384790688.4,1587792597.092
930903.CSI,20250408,3038.4025,3002.705,3051.8916,2988.7295,3007.0184,31.3841,1.0437,1469633062.5,1624021033.075
930903.CSI,20250409,3091.8468,2994.6099,3100.8539,2930.3214,3038.4025,53.4443,1.759,1544285274.55,1705234315.545
930903.CSI,20250410,3150.7665,3146.1932,3181.9308,3130.2756,3091.8468,58.9197,1.9056,1381915600.95,1626191528.359
930903.CSI,20250411,3172.4623,3137.5943,3193.5942,3135.1517,3150.7665,21.6958,0.6886,1107957117.1,1363777176.572
930903.CSI,20250414,3200.2341,3200.4265,3218.4519,3191.4192,3172.4623,27.7718,0.8754,1081658471.02,1286939569.226
930903.CSI,20250415,3195.9889,3199.5183,3202.2108,3176.6201,3200.2341,-4.2452,-0.1327,926905819.68,1082101104.625
930903.CSI,20250416,3179.22,3189.7649,3189.9712,3137.0381,3195.9889,-16.7689,-0.5247,968177973.28,1110276229.312
930903.CSI,20250417,3182.9582,3162.8794,3198.067,3160.9841,3179.22,3.7382,0.1176,861485690.0,1001011825.625
930903.CSI,20250418,3182.2534,3175.6201,3188.7167,3163.8218,3182.9582,-0.7048,-0.0221,833174076.51,921883590.979
930903.CSI,20250421,3218.2634,3178.1712,3219.7688,3170.0119,3182.2534,36.01,1.1316,902648613.47,1047450995.379
930903.CSI,20250422,3215.5418,3214.4325,3229.1513,3211.2782,3218.2634,-2.7216,-0.0846,959692542.93,1093527781.019
930903.CSI,20250423,3226.3212,3229.9981,3239.0131,3218.3458,3215.5418,10.7794,0.3352,1011533259.71,1230279327.152
930903.CSI,20250424,3210.4779,3224.8985,3237.0745,3199.6827,3226.3212,-15.8433,-0.4911,953840670.36,1105659920.778
930903.CSI,20250425,3216.4539,3215.1578,3233.5396,3206.7508,3210.4779,5.976,0.1861,970405434.49,1105151002.182
930903.CSI,20250428,3197.1903,3214.2181,3214.3988,3192.6575,3216.4539,-19.2636,-0.5989,942905902.72,1048382353.19
930903.CSI,20250429,3203.5344,3188.9839,3211.8524,3183.9736,3197.1903,6.3441,0.1984,871708681.38,1014027411.4
930903.CSI,20250430,3216.0865,3204.9475,3223.9078,3203.9314,3203.5344,12.5521,0.3918,975234861.26,1165817505.026
930903.CSI,20250506,3274.9468,3238.1129,3275.0114,3235.3448,3216.0865,58.8603,1.8302,1090243271.16,1336149664.83
930903.CSI,20250507,3291.512,3315.9157,3321.2752,3270.4698,3274.9468,16.5652,0.5058,1205994122.15,1472985261.655
930903.CSI,20250508,3313.2991,3281.1474,3318.8765,3277.4287,3291.512,21.7871,0.6619,1048839450.01,1293798100.598
930903.CSI,20250509,3289.9028,3310.0016,3310.0016,3279.6711,3313.2991,-23.3963,-0.7061,976284277.9,1192910023.394
930903.CSI,20250512,3332.0903,3308.8027,3332.0903,3303.7589,3289.9028,42.1875,1.2823,988130172.79,1308776361.913
930903.CSI,20250513,3329.8987,3356.8446,3356.8446,3325.7527,3332.0903,-2.1916,-0.0658,1005797449.7,1289953052.894
930903.CSI,20250514,3352.9698,3327.6429,3369.6051,3318.9549,3329.8987,23.0711,0.6928,1058899804.93,1317091744.835
930903.CSI,20250515,3313.7423,3345.5674,3345.5674,3312.4924,3352.9698,-39.2275,-1.1699,971639227.1,1157676093.787
930903.CSI,20250516,3312.326,3305.7844,3320.7842,3303.1323,3313.7423,-1.4163,-0.0427,911109495.54,1091764809.43
930903.CSI,20250519,3317.1132,3311.7679,3321.3524,3291.1022,3312.326,4.7872,0.1445,933381864.37,1087572233.044
930903.CSI,20250520,3339.036,3320.5279,3345.1408,3314.0877,3317.1132,21.9228,0.6609,980170456.93,1177358264.452
930903.CSI,20250521,3341.232,3336.5641,3348.8546,3334.1865,3339.036,2.196,0.0658,969062218.12,1181893091.356
930903.CSI,20250522,3319.9358,3333.5583,3343.0411,3317.1589,3341.232,-21.2962,-0.6374,924330386.72,1105580091.802
930903.CSI,20250523,3288.6588,3316.2648,3339.4989,3288.6588,3319.9358,-31.277,-0.9421,937855582.88,1150060552.293
930903.CSI,20250526,3292.2342,3285.6706,3303.7774,3274.8617,3288.6588,3.5754,0.1087,813614667.29,1008007857.523
930903.CSI,20250527,3281.9159,3289.4246,3290.6833,3270.3044,3292.2342,-10.3183,-0.3134,822673637.6,998255804.913
930903.CSI,20250528,3274.8516,3283.2428,3288.8231,3270.5701,3281.9159,-7.0643,-0.2152,851686673.13,1004944378.94
930903.CSI,20250529,3312.7933,3273.8847,3315.4336,3273.2875,3274.8516,37.9417,1.1586,983216357.03,1182977614.899
930903.CSI,20250530,3284.2831,3304.9159,3305.4877,3282.9429,3312.7933,-28.5102,-0.8606,953652578.1,1133684626.976
930903.CSI,20250603,3300.6796,3274.9129,3304.9769,3274.9129,3284.2831,16.3965,0.4992,932057813.98,1135875787.246
930903.CSI,20250604,3323.4187,3302.6235,3325.9194,3302.6235,3300.6796,22.7391,0.6889,942939702.38,1146785123.021
930903.CSI,20250605,3336.3618,3325.374,3340.8503,3315.4346,3323.4187,12.9431,0.3895,1003233876.52,1280360648.613
930903.CSI,20250606,3332.9437,3335.3945,3339.7735,3326.4976,3336.3618,-3.4181,-0.1024,913108321.09,1144511827.644
930903.CSI,20250609,3357.5802,3337.4443,3361.1166,3335.1998,3332.9437,24.6365,0.7392,1012172264.91,1278060329.59
930903.CSI,20250610,3334.3913,3359.1302,3359.7039,3310.1189,3357.5802,-23.1889,-0.6906,1154184564.26,1410667777.36
930903.CSI,20250611,3354.8786,3336.4338,3368.1239,3336.4338,3334.3913,20.4873,0.6144,1012511986.96,1248002878.527
930903.CSI,20250612,3356.7343,3346.6541,3361.83,3340.0673,3354.8786,1.8557,0.0553,986322848.89,1264257221.595
930903.CSI,20250613,3318.1706,3346.3913,3350.1187,3311.6588,3356.7343,-38.5637,-1.1488,1178084532.41,1460118926.656
930903.CSI,20250616,3335.6706,3308.8312,3336.1901,3308.8312,3318.1706,17.5,0.5274,950335226.63,1212328562.5
930903.CSI,20250617,3331.3491,3337.9907,3344.1418,3323.0425,3335.6706,-4.3215,-0.1296,961609552.42,1204098798.417
930903.CSI,20250618,3330.4343,3327.1762,3333.1164,3312.4561,3331.3491,-0.9148,-0.0275,942244041.76,1187119025.6
930903.CSI,20250619,3289.9309,3324.6256,3330.0592,3282.3306,3330.4343,-40.5034,-1.2162,1001027162.31,1248153462.732
930903.CSI,20250620,3277.8403,3285.6344,3299.7655,3276.202,3289.9309,-12.0906,-0.3675,844803611.0,1062806252.028
930903.CSI,20250623,3305.067,3261.8974,3310.1367,3261.886,3277.8403,27.2267,0.8306,902189872.57,1119548454.536
930903.CSI,20250624,3356.1109,3308.4164,3356.214,3308.4164,3305.067,51.0439,1.5444,1106294805.17,1415965426.074
930903.CSI,20250625,3401.358,3359.608,3403.338,3355.6553,3356.1109,45.2471,1.3482,1209066235.31,1606651039.622
930903.CSI,20250626,3389.6214,3397.826,3412.6227,3388.553,3401.358,-11.7366,-0.3451,1196366347.79,1587997693.345
930903.CSI,20250627,3387.7318,3394.966,3416.468,3385.2767,3389.6214,-1.8896,-0.0557,1193443481.18,1539492994.404
930903.CSI,20250630,3415.6014,3391.6065,3417.5749,3390.3793,3387.7318,27.8696,0.8227,1097651717.78,1478428889.737
930903.CSI,20250701,3424.3511,3416.6921,3425.7593,3403.1229,3415.6014,8.7497,0.2562,1106426067.33,1456963007.538
930903.CSI,20250702,3410.7995,3420.9498,3420.9498,3402.6886,3424.3511,-13.5516,-0.3957,1144792722.16,1368306271.821
930903.CSI,20250703,3431.0555,3412.5399,3433.8283,3410.646,3410.7995,20.256,0.5939,1044725601.75,1299354966.963
930903.CSI,20250704,3425.8472,3429.8561,3456.6276,3414.7272,3431.0555,-5.2083,-0.1518,1137543569.88,1421450946.1
930903.CSI,20250707,3423.6867,3420.9134,3426.9966,3416.4647,3425.8472,-2.1605,-0.0631,984929571.41,1196077808.2
930903.CSI,20250708,3459.9829,3423.7318,3461.3757,3423.7318,3423.6867,36.2962,1.0601,1123129433.28,1433103086.806
930903.CSI,20250709,3452.901,3460.821,3474.4577,3446.7723,3459.9829,-7.0819,-0.2047,1190019365.12,1485650263.316
930903.CSI,20250710,3465.3354,3451.5554,3479.6136,3447.6582,3452.901,12.4344,0.3601,1231861443.22,1475020117.058
930903.CSI,20250711,3478.662,3466.5712,3503.9716,3458.6491,3465.3354,13.3266,0.3846,1376170127.63,1698142500.963
930903.CSI,20250714,3483.5366,3481.9844,3490.8403,3479.7627,3478.662,4.8746,0.1401,1197988008.67,1452325216.469
930903.CSI,20250715,3476.1437,3482.947,3494.531,3449.5467,3483.5366,-7.3929,-0.2122,1276967819.94,1604567007.581
930903.CSI,20250716,3477.3053,3475.8235,3491.6872,3464.5086,3476.1437,1.1616,0.0334,1050827836.61,1422315787.245
930903.CSI,20250717,3509.4546,3475.8269,3509.4546,3475.2264,3477.3053,32.1493,0.9245,1078686760.68,1525880003.882
930903.CSI,20250718,3522.8588,3514.1678,3524.3737,3508.3784,3509.4546,13.4042,0.3819,1110179385.35,1557198402.421
930903.CSI,20250721,3554.7519,3530.4908,3555.237,3529.02,3522.8588,31.8931,0.9053,1340740402.09,1689398857.341
930903.CSI,20250722,3576.4445,3556.3163,3577.0409,3542.6897,3554.7519,21.6926,0.6102,1478613537.18,1887984250.327
930903.CSI,20250723,3566.0769,3580.3047,3597.5714,3561.1787,3576.4445,-10.3676,-0.2899,1516318307.87,1857234932.83
930903.CSI,20250724,3604.487,3564.1657,3604.487,3564.1657,3566.0769,38.4101,1.0771,1491578105.88,1836217167.164
930903.CSI,20250725,3598.9113,3604.715,3608.435,3588.5374,3604.487,-5.5757,-0.1547,1400274572.77,1781579370.938
930903.CSI,20250728,3611.2048,3601.0293,3613.6516,3587.4551,3598.9113,12.2935,0.3416,1256968090.13,1734793086.153
930903.CSI,20250729,3627.3694,3607.5098,3627.8917,3590.1129,3611.2048,16.1646,0.4476,1279677698.72,1798406097.33
930903.CSI,20250730,3612.8161,3622.0112,3639.3405,3587.7688,3627.3694,-14.5533,-0.4012,1333045399.18,1836702850.84
930903.CSI,20250731,3562.8534,3604.0785,3610.6739,3551.9236,3612.8161,-49.9627,-1.3829,1375278548.21,1926044535.682
930903.CSI,20250801,3557.6301,3560.1771,3576.1505,3540.5474,3562.8534,-5.2233,-0.1466,1118699854.26,1590445564.704
930903.CSI,20250804,3583.9617,3541.6583,3583.9617,3540.5488,3557.6301,26.3316,0.7401,1029921016.82,1488694432.575
930903.CSI,20250805,3611.5269,3591.8004,3611.5269,3589.7898,3583.9617,27.5652,0.7691,1117859376.07,1582445048.172
930903.CSI,20250806,3633.7406,3608.9251,3633.8772,3607.2073,3611.5269,22.2137,0.6151,1188596738.46,1722023513.765
930903.CSI,20250807,3633.2548,3636.6867,3642.515,3614.1307,3633.7406,-0.4858,-0.0134,1223816592.21,1813554594.48
930903.CSI,20250808,3624.7779,3626.4624,3637.0572,3615.9956,3633.2548,-8.4769,-0.2333,1185128403.42,1698308456.605
930903.CSI,20250811,3660.5555,3630.2189,3667.0717,3630.2189,3624.7779,35.7776,0.987,1241950144.85,1813534439.439
930903.CSI,20250812,3672.8633,3661.0244,3673.0219,3649.9979,3660.5555,12.3078,0.3362,1219933229.16,1867657532.747
930903.CSI,20250813,3710.0204,3677.0107,3712.713,3677.0107,3672.8633,37.1571,1.0117,1383780527.46,2136771721.056
930903.CSI,20250814,3678.6971,3712.5431,3725.4554,3672.4221,3710.0204,-31.3233,-0.8443,1488085330.93,2261370204.454
930903.CSI,20250815,3730.6207,3670.449,3734.5992,3670.449,3678.6971,51.9236,1.4115,1452846402.31,2229790986.485
930903.CSI,20250818,3782.0798,3749.1103,3803.0087,3740.5764,3730.6207,51.4591,1.3794,1755184015.71,2755994866.658
930903.CSI,20250819,3780.1607,3782.6042,3804.2384,3769.6876,3782.0798,-1.9191,-0.0507,1623020491.26,2590928849.18
930903.CSI,20250820,3816.6402,3765.0075,3816.6858,3750.9845,3780.1607,36.4795,0.965,1552739193.99,2402686830.15
930903.CSI,20250821,3811.6231,3825.0409,3837.7959,3795.2706,3816.6402,-5.0171,-0.1315,1581293620.29,2412610532.416
930903.CSI,20250822,3874.3313,3810.4663,3874.3313,3810.4663,3811.6231,62.7082,1.6452,1565215526.54,2535027931.828
930903.CSI,20250825,3944.2069,3904.5589,3949.4326,3896.252,3874.3313,69.8756,1.8036,1925457294.86,3123360322.799
930903.CSI,20250826,3939.9809,3931.7261,3962.8565,3919.4416,3944.2069,-4.226,-0.1071,1673259085.7,2661848298.754
930903.CSI,20250827,3870.7362,3943.7322,3977.5368,3870.7362,3939.9809,-69.2447,-1.7575,1963663438.79,3141152476.092
930903.CSI,20250828,3931.4993,3865.1003,3931.8253,3824.639,3870.7362,60.7631,1.5698,1815204317.58,2947506448.164
930903.CSI,20250829,3945.3481,3930.7484,3966.1882,3918.8101,3931.4993,13.8488,0.3523,1613995487.13,2784366209.216
930903.CSI,20250901,3976.8092,3962.8821,3977.2959,3941.3937,3945.3481,31.4611,0.7974,1630185216.85,2735830255.126
930903.CSI,20250902,3918.2481,3976.0474,3977.0828,3887.8248,3976.8092,-58.5611,-1.4726,1732265697.97,2867905283.047
930903.CSI,20250903,3871.0467,3928.6861,3934.4478,3853.4551,3918.2481,-47.2014,-1.2047,1481039599.59,2356141876.247
930903.CSI,20250904,3792.9708,3874.8316,3883.8493,3748.3071,3871.0467,-78.0759,-2.0169,1591598998.12,2542361609.718
930903.CSI,20250905,3889.7538,3795.7444,3892.0707,3779.6005,3792.9708,96.783,2.5516,1432903629.38,2310131106.954
930903.CSI,20250908,3916.3801,3896.6269,3920.8793,3878.7197,3889.7538,26.6263,0.6845,1468845696.96,2424670773.201
930903.CSI,20250909,3881.0171,3901.5367,3917.5168,3862.9449,3916.3801,-35.363,-0.903,1341641884.47,2116810135.341
930903.CSI,20250910,3888.9426,3877.9658,3906.1314,3859.6934,3881.0171,7.9255,0.2042,1230493734.89,1969521458.653
930903.CSI,20250911,3977.0885,3883.1392,3977.0885,3864.506,3888.9426,88.1459,2.2666,1428203845.2,2425772861.556
930903.CSI,20250912,3970.1501,3975.4088,3999.1987,3962.8173,3977.0885,-6.9384,-0.1745,1546087030.97,2510425042.462
930903.CSI,20250915,3973.5643,3979.7935,3993.1093,3969.7913,3970.1501,3.4142,0.086,1426130839.39,2271108269.131
930903.CSI,20250916,3992.0213,3979.172,3995.0102,3946.2972,3973.5643,18.457,0.4645,1544715538.04,2334709582.791
930903.CSI,20250917,4018.6047,3988.3664,4023.4674,3980.0735,3992.0213,26.5834,0.6659,1494094458.94,2365710010.604
930903.CSI,20250918,3974.9973,4014.4945,4052.3542,3933.9708,4018.6047,-43.6074,-1.0851,1925263561.27,3124789845.915
930903.CSI,20250919,3962.703,3974.5365,3990.1501,3949.1471,3974.9973,-12.2943,-0.3093,1480739863.28,2312814987.672
930903.CSI,20250922,3982.6058,3970.3237,3982.9023,3947.1126,3962.703,19.9028,0.5023,1272620420.35,2111576383.502
930903.CSI,20250923,3957.5136,3990.6219,3992.0379,3893.2828,3982.6058,-25.0922,-0.63,1539359261.44,2478905476.441
930903.CSI,20250924,4012.3613,3936.713,4012.7509,3931.8784,3957.5136,54.8477,1.3859,1311991971.48,2312834917.8
930903.CSI,20250925,4018.647,4009.4386,4038.0841,4006.2582,4012.3613,6.2857,0.1567,1310424589.43,2350085205.634
930903.CSI,20250926,3970.4838,4003.0044,4018.5169,3970.4838,4018.647,-48.1632,-1.1985,1225543542.75,2128109464.6
930903.CSI,20250929,4025.3646,3975.4158,4040.8164,3961.3744,3970.4838,54.8808,1.3822,1264911273.26,2144870261.101
930903.CSI,20250930,4049.5652,4036.0767,4056.6978,4031.5977,4025.3646,24.2006,0.6012,1210328872.0,2161477876.418
930903.CSI,20251009,4103.0855,4071.6269,4113.0268,4061.5399,4049.5652,53.5203,1.3216,1501628702.46,2633396808.334
930903.CSI,20251010,4036.3832,4081.1764,4089.1938,4024.1345,4103.0855,-66.7023,-1.6257,1480394882.5,2498970880.861
930903.CSI,20251013,4021.6283,3903.7662,4028.4547,3903.7662,4036.3832,-14.7549,-0.3655,1432561170.28,2340338823.424
930903.CSI,20251014,3957.9851,4053.6073,4064.6405,3942.6179,4021.6283,-63.6432,-1.5825,1563129872.26,2562051077.296
930903.CSI,20251015,4016.8473,3962.8603,4017.4,3940.0104,3957.9851,58.8622,1.4872,1292897367.71,2062277680.45
930903.CSI,20251016,3998.6983,4003.8108,4028.506,3985.8735,4016.8473,-18.149,-0.4518,1205965882.9,1918340139.828
930903.CSI,20251017,3896.6236,3994.0269,4004.3886,3893.1374,3998.6983,-102.0747,-2.5527,1259985583.53,1918807953.689
930903.CSI,20251020,3927.121,3936.1287,3951.3686,3908.0273,3896.6236,30.4974,0.7827,1111124517.41,1721797951.863
930903.CSI,20251021,3990.3839,3939.8502,3992.3802,3932.4658,3927.121,63.2629,1.6109,1215761264.09,1862833347.964
930903.CSI,20251022,3974.0971,3966.3628,3989.6548,3957.5003,3990.3839,-16.2868,-0.4082,1115243074.19,1654505767.984
930903.CSI,20251023,3979.4179,3962.7989,3984.0642,3922.9298,3974.0971,5.3208,0.1339,1154387426.78,1623206715.292
930903.CSI,20251024,4027.2361,3993.8663,4027.2361,3993.8663,3979.4179,47.8182,1.2016,1196938745.85,1950681462.119
930903.CSI,20251027,4075.922,4060.7579,4079.8644,4045.668,4027.2361,48.6859,1.2089,1336885332.68,2312475445.132
930903.CSI,20251028,4062.3629,4060.4608,4093.2577,4047.9638,4075.922,-13.5591,-0.3327,1234101749.78,2120437128.788
930903.CSI,20251029,4109.6134,4066.5014,4109.6134,4061.8765,4062.3629,47.2505,1.1631,1321814761.29,2243545268.986
930903.CSI,20251030,4066.5007,4100.2155,4109.3581,4062.9234,4109.6134,-43.1127,-1.0491,1425069032.02,2418215583.922
930903.CSI,20251031,4044.6095,4063.2297,4086.765,4044.4888,4066.5007,-21.8912,-0.5383,1401759358.56,2311920362.169
930903.CSI,20251103,4059.7703,4044.5292,4059.9939,4005.2708,4044.6095,15.1608,0.3748,1336133421.17,2097464927.035
930903.CSI,20251104,4017.9763,4053.9623,4059.5658,3994.578,4059.7703,-41.794,-1.0295,1272066424.07,1900373766.169
930903.CSI,20251105,4031.8154,3966.061,4045.1125,3965.7996,4017.9763,13.8391,0.3444,1294126281.91,1855858722.537
930903.CSI,20251106,4080.2453,4041.3583,4082.3801,4041.3583,4031.8154,48.4299,1.2012,1315273496.56,2038065822.793
930903.CSI,20251107,4069.7958,4063.5678,4089.2799,4054.4605,4080.2453,-10.4495,-0.2561,1274373224.99,1982140755.501
930903.CSI,20251110,4085.6831,4081.0057,4088.6854,4058.072,4069.7958,15.8873,0.3904,1368035664.78,2159886555.87
930903.CSI,20251111,4064.5226,4095.4415,4097.8979,4059.7112,4085.6831,-21.1605,-0.5179,1290971916.3,1978947234.459
930903.CSI,20251112,4047.843,4054.722,4069.5131,4020.7163,4064.5226,-16.6796,-0.4104,1286879085.3,1921214766.113
930903.CSI,20251113,4100.963,4046.1833,4101.3961,4046.027,4047.843,53.12,1.3123,1331448971.17,2022677332.805
930903.CSI,20251114,4048.9109,4067.6266,4095.0391,4048.9109,4100.963,-52.0521,-1.2693,1360430705.5,1938042990.372
930903.CSI,20251117,4043.8419,4047.891,4055.4274,4026.7943,4048.9109,-5.069,-0.1252,1306098372.59,1889009755.012
930903.CSI,20251118,4005.9288,4033.8923,4041.184,3989.9564,4043.8419,-37.9131,-0.9376,1347701265.31,1902794644.56
930903.CSI,20251119,3994.5016,4002.6835,4017.7696,3975.792,4005.9288,-11.4272,-0.2853,1189633881.62,1701077142.011
930903.CSI,20251120,3968.5651,4018.832,4022.3056,3965.9743,3994.5016,-25.9365,-0.6493,1175862865.1,1684643202.737
930903.CSI,20251121,3843.7287,3917.787,3935.1898,3843.7287,3968.5651,-124.8364,-3.1456,1410826407.26,1943948782.275
930903.CSI,20251124,3866.5478,3863.114,3883.7135,3830.9771,3843.7287,22.8191,0.5937,1169541617.15,1711019491.832
930903.CSI,20251125,3913.443,3888.8693,3936.948,3886.0902,3866.5478,46.8952,1.2128,1152788530.88,1789279552.506
930903.CSI,20251126,3922.8497,3910.8987,3946.0255,3906.6739,3913.443,9.4067,0.2404,1120440193.33,1762721438.754
930903.CSI,20251127,3922.6919,3923.4695,3959.2297,3918.8089,3922.8497,-0.1578,-0.004,1058844997.27,1688530513.775
930903.CSI,20251128,3952.4498,3920.0794,3952.498,3909.0635,3922.6919,29.7579,0.7586,1040663078.11,1568955178.31
930903.CSI,20251201,3989.8649,3963.6618,3990.0489,3959.9834,3952.4498,37.4151,0.9466,1207859008.7,1856496987.149
930903.CSI,20251202,3964.5683,3983.1263,3983.1263,3954.9568,3989.8649,-25.2966,-0.634,1074669332.37,1575228760.645
930903.CSI,20251203,3936.8478,3965.0966,3974.6976,3927.3515,3964.5683,-27.7205,-0.6992,1151146392.9,1642960824.864
930903.CSI,20251204,3937.4454,3937.4739,3952.6667,3911.234,3936.8478,0.5976,0.0152,1055844333.18,1528544213.754
930903.CSI,20251205,3982.7835,3936.5599,3985.8307,3920.6651,3937.4454,45.3381,1.1515,1149645770.49,1692921101.374
930903.CSI,20251208,4023.3709,3992.7757,4036.8692,3992.7757,3982.7835,40.5874,1.0191,1255910266.72,2014557062.658
930903.CSI,20251209,4000.7072,4012.9332,4027.9091,3992.7662,4023.3709,-22.6637,-0.5633,1189411384.11,1880182792.817
930903.CSI,20251210,4005.3916,3992.4906,4011.7696,3969.0722,4000.7072,4.6844,0.1171,1153862837.7,1747808960.353
930903.CSI,20251211,3961.1035,4011.319,4013.214,3959.6285,4005.3916,-44.2881,-1.1057,1215159763.95,1833403401.343
930903.CSI,20251212,3990.5937,3963.6252,3997.2273,3951.1714,3961.1035,29.4902,0.7445,1257737798.67,2071606221.771
930903.CSI,20251215,3965.3386,3966.015,4000.7506,3964.4835,3990.5937,-25.2551,-0.6329,1114166228.68,1758199885.068
930903.CSI,20251216,3907.9736,3958.3143,3959.9832,3892.6984,3965.3386,-57.365,-1.4467,1160653124.17,1711530486.217
930903.CSI,20251217,3968.7055,3907.4413,3977.5197,3897.8592,3907.9736,60.7319,1.5541,1150524535.88,1791265416.669
930903.CSI,20251218,3953.2037,3945.9458,3979.6619,3944.9001,3968.7055,-15.5018,-0.3906,1036474547.97,1640313742.02
930903.CSI,20251219,3983.8692,3962.8927,3995.0371,3957.9935,3953.2037,30.6655,0.7757,1157429910.38,1711516973.893
930903.CSI,20251222,4023.7642,4000.4626,4030.164,4000.4626,3983.8692,39.895,1.0014,1160534604.87,1847902986.262
930903.CSI,20251223,4021.1308,4025.4454,4043.1589,4008.3595,4023.7642,-2.6334,-0.0654,1181882289.84,1882839852.611
930903.CSI,20251224,4056.8168,4021.3038,4060.5147,4015.5189,4021.1308,35.686,0.8875,1098660861.93,1857831810.834
930903.CSI,20251225,4080.9368,4054.1288,4087.2882,4050.0148,4056.8168,24.12,0.5946,1113880551.31,1908312018.145
930903.CSI,20251226,4094.72,4081.4979,4111.3952,4069.414,4080.9368,13.7832,0.3377,1278335974.78,2143596992.742
930903.CSI,20251229,4083.008,4095.6075,4107.3079,4072.8273,4094.72,-11.712,-0.286,1261327771.62,2124800952.973
930903.CSI,20251230,4088.5136,4062.9415,4104.9171,4062.6557,4083.008,5.5056,0.1348,1223524661.14,2120328903.911
930903.CSI,20251231,4081.522,4094.6376,4096.1765,4071.5164,4088.5136,-6.9916,-0.171,1187068934.52,2023978065.607
930903.CSI,20260105,4162.5372,4106.96,4162.5372,4106.96,4081.522,81.0152,1.9849,1409715232.19,2522431475.354
930903.CSI,20260106,4228.5687,4165.5121,4228.5687,4165.3084,4162.5372,66.0315,1.5863,1616672672.4,2787041937.256
930903.CSI,20260107,4236.3573,4234.7871,4253.4961,4214.8015,4228.5687,7.7886,0.1842,1578766625.18,2831445954.016
930903.CSI,20260108,4238.5698,4224.1944,4251.5656,4217.5807,4236.3573,2.2125,0.0522,1567613920.72,2776860791.295
930903.CSI,20260109,4288.616,4234.9912,4290.4503,4234.9912,4238.5698,50.0462,1.1807,1722149371.16,3103010081.071
930903.CSI,20260112,4363.0835,4312.8515,4368.2548,4295.6047,4288.616,74.4675,1.7364,1971868609.23,3590887601.45
930903.CSI,20260113,4312.1527,4372.5666,4372.6532,4298.1657,4363.0835,-50.9308,-1.1673,2048023232.71,3646166837.215
930903.CSI,20260114,4325.2346,4315.1874,4395.0184,4285.6388,4312.1527,13.0819,0.3034,2247403694.9,3933291107.37
930903.CSI,20260115,4317.9335,4298.3776,4334.8966,4286.5558,4325.2346,-7.3011,-0.1688,1634780299.38,2890341555.921
930903.CSI,20260116,4308.6299,4335.2707,4349.6888,4301.0571,4317.9335,-9.3036,-0.2155,1645765586.59,3000757784.319
930903.CSI,20260119,4326.2224,4294.9749,4340.3864,4294.7462,4308.6299,17.5925,0.4083,1499711643.16,2681878979.533
930903.CSI,20260120,4301.0027,4329.866,4339.9228,4265.8522,4326.2224,-25.2197,-0.5829,1596276772.94,2754799406.357
930903.CSI,20260121,4324.7048,4285.3823,4340.8686,4285.3823,4301.0027,23.7021,0.5511,1441557536.41,2576160334.616
930903.CSI,20260122,4343.9384,4338.0791,4350.8753,4322.0066,4324.7048,19.2336,0.4447,1513518271.84,2671386938.105
930903.CSI,20260123,4384.2694,4353.9113,4387.8343,4351.195,4343.9384,40.331,0.9284,1744781569.07,3073781055.034
930903.CSI,20260126,4355.2292,4398.5817,4408.0761,4341.2813,4384.2694,-29.0402,-0.6624,1887082257.44,3232147690.359
930903.CSI,20260127,4361.2837,4342.905,4377.9572,4295.1186,4355.2292,6.0545,0.139,1642726276.46,2877630030.619
930903.CSI,20260128,4366.8046,4371.2402,4383.7816,4346.4125,4361.2837,5.5209,0.1266,1684479087.3,2947611672.264
930903.CSI,20260129,4358.6628,4366.2752,4381.4645,4345.6596,4366.8046,-8.1418,-0.1864,1878888662.91,3211608384.567
930903.CSI,20260130,4317.214,4326.7784,4347.0464,4244.2881,4358.6628,-41.4488,-0.951,1686146545.72,2819248181.374
930903.CSI,20260202,4199.307,4280.1521,4306.9867,4198.1023,4317.214,-117.907,-2.7311,1523340988.49,2569376473.7
930903.CSI,20260203,4288.5124,4241.5835,4289.2781,4202.7181,4199.307,89.2054,2.1243,1403329515.74,2527942438.926
930903.CSI,20260204,4307.5935,4278.4055,4310.787,4258.4189,4288.5124,19.0811,0.4449,1471096831.1,2468032260.324
930903.CSI,20260205,4259.6854,4269.618,4286.4905,4237.1171,4307.5935,-47.9081,-1.1122,1303419819.62,2158974161.594
930903.CSI,20260206,4249.9212,4217.3881,4288.8417,4202.0358,4259.6854,-9.7642,-0.2292,1269219354.82,2131641238.156
930903.CSI,20260209,4330.497,4305.0514,4330.9319,4293.9157,4249.9212,80.5758,1.8959,1283912029.6,2237581294.343
930903.CSI,20260210,4333.2003,4332.7742,4342.4392,4316.8158,4330.497,2.7033,0.0624,1237397619.03,2085472795.082
930903.CSI,20260211,4326.2392,4326.7007,4343.907,4325.8701,4333.2003,-6.9611,-0.1606,1159987646.21,1967141326.402
930903.CSI,20260212,4345.1192,4332.1201,4351.7888,4322.6034,4326.2392,18.88,0.4364,1208142998.14,2127526074.513
930903.CSI,20260213,4295.2489,4322.8503,4343.6902,4292.7141,4345.1192,-49.8703,-1.1477,1122404585.82,1968521838.897
930903.CSI,20260224,4341.5635,4351.7618,4360.7259,4319.8279,4295.2489,46.3146,1.0783,1262026983.34,2185215615.385
930903.CSI,20260225,4386.609,4349.0551,4398.4088,4347.0476,4341.5635,45.0455,1.0375,1498184400.14,2441338418.686
930903.CSI,20260226,4395.5484,4393.1542,4401.2109,4372.13,4386.609,8.9394,0.2038,1422690561.97,2514796600.1
930903.CSI,20260227,4412.5703,4368.717,4413.9445,4368.023,4395.5484,17.0219,0.3873,1441226560.25,2465696359.054
930903.CSI,20260302,4396.5815,4372.8673,4410.366,4347.5883,4412.5703,-15.9888,-0.3623,1774391687.92,3000565976.161
930903.CSI,20260303,4267.139,4403.3384,4408.1526,4262.0801,4396.5815,-129.4425,-2.9442,1870396217.36,3110044777.079
930903.CSI,20260304,4236.2727,4216.162,4283.4863,4214.047,4267.139,-30.8663,-0.7233,1490017797.73,2353354836.867
930903.CSI,20260305,4281.7925,4295.8223,4306.7701,4260.6229,4236.2727,45.5198,1.0745,1433214267.63,2373833442.811
930903.CSI,20260306,4311.6719,4259.2215,4318.0013,4258.2388,4281.7925,29.8794,0.6978,1356429841.31,2181733569.988
930903.CSI,20260309,4275.0659,4251.4471,4286.2176,4189.3077,4311.6719,-36.606,-0.849,1613508898.0,2628356227.294
930903.CSI,20260310,4341.5679,4306.4535,4342.4267,4306.4535,4275.0659,66.502,1.5556,1392477621.95,2376051612.036
930903.CSI,20260311,4352.8815,4346.9554,4364.2617,4339.0001,4341.5679,11.3136,0.2606,1456570534.0,2484694184.4
930903.CSI,20260312,4329.6665,4349.2011,4356.6017,4298.7568,4352.8815,-23.215,-0.5333,1531376192.36,2416743329.227
930903.CSI,20260313,4288.6826,4311.3374,4341.3255,4279.1298,4329.6665,-40.9839,-0.9466,1538350998.76,2370919853.888
930903.CSI,20260316,4286.2026,4286.5409,4290.6531,4232.7335,4288.6826,-2.48,-0.0578,1463418539.33,2300705735.81
930903.CSI,20260317,4219.2752,4295.7135,4307.1175,4219.2622,4286.2026,-66.9274,-1.5615,1401396928.08,2172637075.596
930903.CSI,20260318,4253.1347,4231.5522,4256.3023,4192.496,4219.2752,33.8595,0.8025,1262985747.78,2008950649.099
930903.CSI,20260319,4163.1136,4203.0805,4214.4969,4148.721,4253.1347,-90.0211,-2.1166,1322777771.92,2083065833.273
930903.CSI,20260320,4112.2681,4180.5943,4197.4007,4110.625,4163.1136,-50.8455,-1.2213,1369613827.09,2255479223.963
930903.CSI,20260323,3944.9285,4041.864,4070.7561,3923.6108,4112.2681,-167.3396,-4.0693,1624126874.98,2400531321.444
930903.CSI,20260324,4028.1112,3999.529,4028.1112,3926.4414,3944.9285,83.1827,2.1086,1380835116.43,2051635518.5
930903.CSI,20260325,4100.6509,4055.9293,4106.0676,4055.9293,4028.1112,72.5397,1.8008,1380821662.29,2146496808.228
930903.CSI,20260326,4040.9121,4092.1918,4107.9004,4030.5809,4100.6509,-59.7388,-1.4568,1258358656.55,1917165817.576
930903.CSI,20260327,4082.7108,3991.705,4099.5791,3990.9787,4040.9121,41.7987,1.0344,1162649944.82,1828382923.528
930903.CSI,20260330,4084.6414,4041.8508,4086.4754,4023.8476,4082.7108,1.9306,0.0473,1224533341.27,1893147553.211
930903.CSI,20260331,4027.6363,4079.8891,4107.619,4027.6363,4084.6414,-57.0051,-1.3956,1243095857.05,1965362390.151
930903.CSI,20260401,4100.011,4096.4013,4107.3456,4069.9645,4027.6363,72.3747,1.797,1194886332.48,1986604900.211
930903.CSI,20260402,4040.7531,4087.5114,4095.757,4020.3548,4100.011,-59.2579,-1.4453,1159845953.84,1824085304.284
930903.CSI,20260403,3993.1385,4054.538,4056.7058,3988.2219,4040.7531,-47.6146,-1.1784,1058716563.42,1636756166.355
930903.CSI,20260407,4014.7926,4001.0588,4029.8988,3992.1445,3993.1385,21.6541,0.5423,997284231.01,1596301964.399
930903.CSI,20260408,4178.2104,4091.38,4178.2104,4091.0138,4014.7926,163.4178,4.0704,1371440266.37,2408566404.011
930903.CSI,20260409,4150.4987,4143.9482,4166.915,4135.769,4178.2104,-27.7117,-0.6632,1176031419.24,2112144233.039
930903.CSI,20260410,4198.6667,4178.4655,4224.4996,4175.8675,4150.4987,48.168,1.1605,1194460540.76,2297114738.362
930903.CSI,20260413,4207.918,4176.5697,4213.7059,4176.5697,4198.6667,9.2513,0.2203,1144862274.53,2118895085.76
930903.CSI,20260414,4261.3767,4237.4386,4261.3768,4216.9042,4207.918,53.4587,1.2704,1225434496.22,2349888363.951
930903.CSI,20260415,4242.6475,4283.8346,4284.961,4231.2455,4261.3767,-18.7292,-0.4395,1240590076.43,2377654482.703
930903.CSI,20260416,4301.8007,4250.5326,4304.325,4245.6078,4242.6475,59.1532,1.3943,1206283776.63,2298999551.029
930903.CSI,20260417,4312.0827,4293.5774,4320.7968,4286.8159,4301.8007,10.282,0.239,1224591460.93,2396205760.309
930903.CSI,20260420,4343.6363,4312.6303,4347.5717,4309.5939,4312.0827,31.5536,0.7317,1294221425.53,2552881167.509
930903.CSI,20260421,4342.0128,4333.2418,4345.6252,4302.5944,4343.6363,-1.6235,-0.0374,1251573581.0,2361733325.65
930903.CSI,20260422,4382.7931,4324.0502,4383.5626,4324.0502,4342.0128,40.7803,0.9392,1258050178.85,2523095203.439
930903.CSI,20260423,4345.1994,4390.967,4394.3044,4318.1672,4382.7931,-37.5937,-0.8578,1405314025.48,2764953523.941
930903.CSI,20260424,4323.2163,4326.1035,4344.6222,4294.4904,4345.1994,-21.9831,-0.5059,1289480553.36,2591355886.712
930903.CSI,20260427,4340.7035,4322.2966,4350.8663,4307.6087,4323.2163,17.4872,0.4045,1274037269.17,2543428279.91
930903.CSI,20260428,4306.5665,4326.6061,4334.0879,4291.1139,4340.7035,-34.137,-0.7864,1298900679.46,2492740571.708
930903.CSI,20260429,4362.9546,4282.8694,4369.5495,4282.6976,4306.5665,56.3881,1.3094,1329697138.55,2550537978.989
930903.CSI,20260430,4371.955,4367.4581,4381.4006,4356.8819,4362.9546,9.0004,0.2063,1370163340.75,2695255955.211
930903.CSI,20260506,4456.9754,4415.0806,4470.9704,4412.04,4371.955,85.0204,1.9447,1501034074.37,3170660077.273
930903.CSI,20260507,4503.9496,4473.6983,4504.4637,4460.7091,4456.9754,46.9742,1.0539,1505926967.2,3094266585.82
930903.CSI,20260508,4503.445,4477.6351,4509.1305,4472.5928,4503.9496,-0.5046,-0.0112,1496757426.7,2993425008.892
