序号,交易对,买入时间,买入价,买入额,卖出时间,卖出价,卖出额,数量,盈亏(USDT),收益率(%),退出原因,持仓周期,是否半仓
1,OMUSDT,2025-02-01 01:00:00,5.2591,400000.0,2025-02-01 01:00:00,5.2525,399498.01,76058.64121237,-501.987,-0.1255,阶段低点止损,0,否
2,OMUSDT,2025-02-05 06:00:00,5.7135,399799.21,2025-02-05 13:00:00,5.8496,409322.73,69974.48239909,9523.5271,2.3821,MA5下跌破线,7,否
3,OMUSDT,2025-02-08 06:00:00,5.9754,403608.62,2025-02-08 06:00:00,5.9637,402818.34,67545.03732118,-790.2769,-0.1958,阶段低点止损,0,否
4,OMUSDT,2025-02-11 01:00:00,6.0587,403292.51,2025-02-11 02:00:00,6.0444,402340.64,66564.19780388,-951.868,-0.236,阶段低点止损,1,否
5,PHAUSDT,2025-02-11 07:00:00,0.1685,404059.62,2025-02-11 07:00:00,0.1681,403100.42,2397979.92132471,-959.192,-0.2374,阶段低点止损,0,否
6,OMUSDT,2025-02-11 05:00:00,6.0374,402911.76,2025-02-11 09:00:00,6.0589,404346.58,66735.97211099,1434.8234,0.3561,MA5首次上升止损,4,否
7,TNSRUSDT,2025-02-11 18:00:00,0.3468,403102.01,2025-02-11 18:00:00,0.3461,402288.37,1162347.2047164,-813.643,-0.2018,阶段低点止损,0,否
8,CVCUSDT,2025-02-11 21:00:00,0.118,402776.55,2025-02-11 21:00:00,0.1175,401069.87,3413360.62185023,-1706.6803,-0.4237,阶段低点止损,0,否
9,SUNUSDT,2025-02-12 01:00:00,0.01974,402093.88,2025-02-12 01:00:00,0.01973,401890.19,20369497.53059557,-203.695,-0.0507,阶段低点止损,0,否
10,FUNUSDT,2025-02-12 06:00:00,0.00299,402012.4,2025-02-12 06:00:00,0.002962,398247.74,134452308.78389102,-3764.6646,-0.9365,阶段低点止损,0,否
11,ADXUSDT,2025-02-12 12:00:00,0.152,400506.54,2025-02-12 12:00:00,0.1517,399716.06,2634911.43029904,-790.4734,-0.1974,阶段低点止损,0,否
12,OGUSDT,2025-02-12 19:00:00,3.684,400190.35,2025-02-12 21:00:00,3.6995,401874.1,108629.301855,1683.7542,0.4207,MA5首次上升止损,2,否
13,IDEXUSDT,2025-02-13 00:00:00,0.04358,400863.85,2025-02-13 00:00:00,0.04351,400219.97,9198344.4172859,-643.8841,-0.1606,阶段低点止损,0,否
14,KAVAUSDT,2025-02-13 12:00:00,0.4943,400606.3,2025-02-13 12:00:00,0.4899,397040.31,810451.74198186,-3565.9877,-0.8901,阶段低点止损,0,否
15,USTCUSDT,2025-02-13 19:00:00,0.01873,399179.9,2025-02-13 19:00:00,0.01867,397901.16,21312327.86950067,-1278.7397,-0.3203,阶段低点止损,0,否
16,QNTUSDT,2025-02-14 07:00:00,91.2,398668.41,2025-02-14 07:00:00,91.0,397794.13,4371.3640913,-874.2728,-0.2193,阶段低点止损,0,否
17,XVSUSDT,2025-02-14 16:00:00,7.87,398318.7,2025-02-14 16:00:00,7.84,396800.33,50612.28665814,-1518.3686,-0.3812,阶段低点止损,0,否
18,NEXOUSDT,2025-02-15 07:00:00,1.368,397711.35,2025-02-15 07:00:00,1.366,397129.9,290724.66999976,-581.4493,-0.1462,阶段低点止损,0,否
19,AVAXUSDT,2025-02-15 18:00:00,26.23,397478.77,2025-02-15 18:00:00,26.2,397024.16,15153.59393152,-454.6078,-0.1144,阶段低点止损,0,否
20,TUSDUSDT,2025-02-16 07:00:00,0.9984,397296.93,2025-02-16 08:00:00,0.9983,397257.13,397933.61948768,-39.7934,-0.01,MA5下跌破线,1,否
21,WINUSDT,2025-02-16 21:00:00,7.996e-05,397281.01,2025-02-16 21:00:00,7.962e-05,395591.72,4968496852.822911,-1689.2889,-0.4252,阶段低点止损,0,否
22,CAKEUSDT,2025-02-17 13:00:00,2.736,396605.29,2025-02-17 13:00:00,2.718,393996.05,144958.07484639,-2609.2453,-0.6579,阶段低点止损,0,否
23,TRXUSDT,2025-02-18 05:00:00,0.24,396545.12,2025-02-18 06:00:00,0.2393,395388.53,1652271.33322201,-1156.5899,-0.2917,MA5下跌破线,1,否
24,RONINUSDT,2025-02-18 04:00:00,1.287,395561.59,2025-02-18 07:00:00,1.301,399864.52,307351.6663876,4302.9233,1.0878,MA5首次上升止损,3,否
25,CVCUSDT,2025-02-19 00:00:00,0.1286,396820.13,2025-02-19 00:00:00,0.1281,395277.28,3085693.06375825,-1542.8465,-0.3888,阶段低点止损,0,否
26,ACHUSDT,2025-02-19 18:00:00,0.03421,396202.99,2025-02-19 18:00:00,0.03415,395508.1,11581496.328166,-694.8898,-0.1754,阶段低点止损,0,否
27,ARKUSDT,2025-02-20 11:00:00,0.4982,395925.03,2025-02-20 11:00:00,0.4951,393461.43,794711.02664529,-2463.6042,-0.6222,阶段低点止损,0,否
28,ZECUSDT,2025-02-21 04:00:00,36.64,394939.59,2025-02-21 05:00:00,36.47,393107.18,10778.91899022,-1832.4162,-0.464,阶段低点止损,1,否
29,DEXEUSDT,2025-02-21 05:00:00,19.008,395500.1,2025-02-21 05:00:00,18.852,392254.2,20807.03364842,-3245.8972,-0.8207,阶段低点止损,0,否
30,WINUSDT,2025-02-22 00:00:00,7.851e-05,392908.27,2025-02-22 01:00:00,7.826e-05,391657.13,5004563322.00543,-1251.1408,-0.3184,阶段低点止损,1,否
31,JSTUSDT,2025-02-22 01:00:00,0.03411,393208.54,2025-02-22 01:00:00,0.0341,393093.26,11527661.68894655,-115.2766,-0.0293,阶段低点止损,0,否
32,PROMUSDT,2025-02-22 23:00:00,6.053,392333.85,2025-02-22 23:00:00,6.05,392139.4,64816.42948448,-194.4493,-0.0496,阶段低点止损,0,否
33,IQUSDT,2025-02-22 22:00:00,0.005635,392361.7,2025-02-23 00:00:00,0.005652,393545.4,69629405.40047738,1183.6999,0.3017,MA5首次上升止损,2,否
34,REZUSDT,2025-02-23 21:00:00,0.01715,392757.4,2025-02-23 22:00:00,0.01709,391383.32,22901306.10338379,-1374.0784,-0.3499,阶段低点止损,1,否
35,DIAUSDT,2025-02-23 22:00:00,0.5512,393123.82,2025-02-23 22:00:00,0.5503,392481.93,713214.47853898,-641.893,-0.1633,阶段低点止损,0,否
36,TFUELUSDT,2025-02-24 21:00:00,0.05188,391951.01,2025-02-24 21:00:00,0.05175,390968.87,7554953.95362908,-982.144,-0.2506,阶段低点止损,0,否
37,EURIUSDT,2025-02-26 14:00:00,1.0498,391558.15,2025-02-26 14:00:00,1.0498,391558.15,372983.57164097,0.0,0.0,阶段低点止损,0,否
38,VANAUSDT,2025-02-26 16:00:00,8.695,391558.15,2025-02-26 16:00:00,8.648,389441.62,45032.56509588,-2116.5306,-0.5405,阶段低点止损,0,否
39,USDPUSDT,2025-02-27 16:00:00,1.0011,390711.54,2025-02-27 16:00:00,1.0011,390711.54,390282.23083097,0.0,0.0,阶段低点止损,0,否
40,1000SATSUSDT,2025-02-27 17:00:00,0.0001349,390711.54,2025-02-27 20:00:00,0.0001344,389263.39,2896304976.166682,-1448.1525,-0.3706,阶段低点止损,3,否
41,GUSDT,2025-02-27 20:00:00,0.02099,390595.69,2025-02-27 20:00:00,0.02093,389479.17,18608655.98312714,-1116.5194,-0.2859,阶段低点止损,0,否
42,CKBUSDT,2025-03-01 09:00:00,0.006461,389685.67,2025-03-01 09:00:00,0.006458,389504.73,60313523.06857406,-180.9406,-0.0464,阶段低点止损,0,否
43,BARUSDT,2025-03-02 14:00:00,1.732,389613.3,2025-03-02 15:00:00,1.732,389613.3,224949.94013763,0.0,0.0,MA5下跌破线,1,否
44,HBARUSDT,2025-03-02 15:00:00,0.24706,390873.02,2025-03-02 15:00:00,0.24524,387993.6,1582097.53089592,-2879.4175,-0.7367,阶段低点止损,0,否
45,KAVAUSDT,2025-03-03 13:00:00,0.4422,388461.53,2025-03-03 14:00:00,0.4412,387583.05,878474.7383896,-878.4747,-0.2261,阶段低点止损,1,否
46,NOTUSDT,2025-03-03 14:00:00,0.003025,388672.36,2025-03-03 14:00:00,0.003021,388158.42,128486731.653916,-513.9469,-0.1322,阶段低点止损,0,否
47,USDPUSDT,2025-03-04 23:00:00,1.0014,387904.56,2025-03-05 00:00:00,1.00155,387962.66,387362.25349499,58.1043,0.015,MA5首次上升止损,1,否
48,USDPUSDT,2025-03-05 03:00:00,1.0011,387927.8,2025-03-05 03:00:00,1.0007,387772.8,387501.55067934,-155.0006,-0.04,阶段低点止损,0,否
49,DEXEUSDT,2025-03-06 04:00:00,19.057,387865.8,2025-03-06 05:00:00,19.12,389148.04,20352.93079378,1282.2346,0.3306,MA5下跌破线,1,否
50,DEXEUSDT,2025-03-06 08:00:00,18.933,388378.7,2025-03-06 08:00:00,18.88,387291.49,20513.32044541,-1087.206,-0.2799,阶段低点止损,0,否
51,1000CHEEMSUSDT,2025-03-07 11:00:00,0.000844,387943.81,2025-03-07 11:00:00,0.000839,385645.57,459649068.24590236,-2298.2453,-0.5924,阶段低点止损,0,否
52,EURIUSDT,2025-03-08 17:00:00,1.0827,387024.52,2025-03-08 17:00:00,1.0826,386988.77,357462.37689392,-35.7462,-0.0092,阶段低点止损,0,否
53,AVAUSDT,2025-03-09 19:00:00,0.681,387010.22,2025-03-09 19:00:00,0.677,384737.03,568296.94121582,-2273.1878,-0.5874,阶段低点止损,0,否
54,HMSTRUSDT,2025-03-11 02:00:00,0.002104,386100.94,2025-03-11 06:00:00,0.00214,392707.23,183508052.21579316,6606.2899,1.711,MA5首次上升止损,4,否
55,HMSTRUSDT,2025-03-11 15:00:00,0.002128,388743.46,2025-03-11 15:00:00,0.002125,388195.42,182680196.34113544,-548.0406,-0.141,阶段低点止损,0,否
56,TUSDUSDT,2025-03-13 03:00:00,0.9986,388524.24,2025-03-13 08:00:00,0.9983,388407.52,389068.93809166,-116.7207,-0.03,MA5下跌破线,5,否
57,AUCTIONUSDT,2025-03-14 09:00:00,25.38,388477.55,2025-03-14 12:00:00,25.16,385110.14,15306.44418068,-3367.4177,-0.8668,阶段低点止损,3,否
58,PNUTUSDT,2025-03-15 14:00:00,0.1976,387130.59,2025-03-15 14:00:00,0.1962,384387.76,1959162.88571789,-2742.828,-0.7085,阶段低点止损,0,否
59,PORTOUSDT,2025-03-16 17:00:00,1.042,386033.46,2025-03-16 17:00:00,1.041,385662.98,370473.5652609,-370.4736,-0.096,阶段低点止损,0,否
60,KNCUSDT,2025-03-17 21:00:00,0.3605,385885.27,2025-03-17 21:00:00,0.3599,385243.02,1070416.82545284,-642.2501,-0.1664,阶段低点止损,0,否
61,NTRNUSDT,2025-03-19 03:00:00,0.1418,386190.58,2025-03-19 14:00:00,0.1456,396539.83,2723487.87388729,10349.2539,2.6798,MA5下跌破线,11,否
62,PUNDIXUSDT,2025-03-19 02:00:00,0.3018,385628.37,2025-03-19 15:00:00,0.3102,396361.56,1277761.31722214,10733.1951,2.7833,MA5下跌破线,13,否
63,CTKUSDT,2025-03-19 15:00:00,0.412,394879.11,2025-03-19 15:00:00,0.411,393920.67,958444.44751174,-958.4444,-0.2427,阶段低点止损,0,否
64,RLCUSDT,2025-03-20 17:00:00,1.347,393677.97,2025-03-20 17:00:00,1.343,392508.92,292262.78199912,-1169.0511,-0.297,阶段低点止损,0,否
65,BONKUSDT,2025-03-21 20:00:00,1.15e-05,393210.35,2025-03-21 20:00:00,1.142e-05,390474.97,34192204078.401073,-2735.3763,-0.6957,阶段低点止损,0,否
66,ACXUSDT,2025-03-23 00:00:00,0.3167,392116.2,2025-03-23 00:00:00,0.3152,390259.0,1238131.34313579,-1857.197,-0.4736,阶段低点止损,0,否
67,JUPUSDT,2025-03-24 05:00:00,0.5347,391373.32,2025-03-24 05:00:00,0.5342,391007.34,731949.35022484,-365.9747,-0.0935,阶段低点止损,0,否
68,SUSDT,2025-03-25 11:00:00,0.5869,391226.93,2025-03-25 11:00:00,0.5867,391093.61,666598.95671354,-133.3198,-0.0341,阶段低点止损,0,否
69,1000CHEEMSUSDT,2025-03-26 18:00:00,0.001925,391173.6,2025-03-26 18:00:00,0.001918,389751.15,203207064.82007274,-1422.4495,-0.3636,阶段低点止损,0,否
70,ACMUSDT,2025-03-28 02:00:00,0.96,390604.62,2025-03-28 03:00:00,0.968,393859.66,406879.81249702,3255.0385,0.8333,MA5下跌破线,1,否
71,PSGUSDT,2025-03-28 03:00:00,2.313,393045.9,2025-03-28 03:00:00,2.305,391686.47,169929.05269007,-1359.4324,-0.3459,阶段低点止损,0,否
72,REQUSDT,2025-03-29 12:00:00,0.1261,391362.86,2025-03-29 12:00:00,0.1254,389190.35,3103591.2960232,-2172.5139,-0.5551,阶段低点止损,0,否
73,PAXGUSDT,2025-03-31 05:00:00,3114.0,390493.86,2025-03-31 05:00:00,3111.0,390117.66,125.39944023,-376.1983,-0.0963,阶段低点止损,0,否
74,TRXUSDT,2025-04-01 16:00:00,0.2343,390343.38,2025-04-01 17:00:00,0.2337,389343.78,1665998.19691578,-999.5989,-0.2561,阶段低点止损,1,否
75,EURIUSDT,2025-04-04 04:00:00,1.1028,389943.54,2025-04-04 08:00:00,1.1043,390473.93,353594.06780024,530.3911,0.136,MA5首次上升止损,4,否
76,EURIUSDT,2025-04-04 17:00:00,1.0993,390155.69,2025-04-04 17:00:00,1.0977,389587.83,354912.84854979,-567.8606,-0.1455,阶段低点止损,0,否
77,RSRUSDT,2025-04-06 02:00:00,0.007299,389928.55,2025-04-06 03:00:00,0.007292,389554.59,53422187.99667298,-373.9553,-0.0959,MA5下跌破线,1,否
78,KAVAUSDT,2025-04-08 16:00:00,0.4111,389778.97,2025-04-08 16:00:00,0.4095,388261.95,948136.6287067,-1517.0186,-0.3892,阶段低点止损,0,否
79,ARKUSDT,2025-04-10 11:00:00,0.3515,389172.16,2025-04-10 11:00:00,0.35,387511.4,1107175.42139105,-1660.7631,-0.4267,阶段低点止损,0,否
80,HBARUSDT,2025-04-11 23:00:00,0.16646,388507.86,2025-04-11 23:00:00,0.1661,387667.64,2333941.21930865,-840.2188,-0.2163,阶段低点止损,0,否
81,NEOUSDT,2025-04-13 12:00:00,5.45,388171.77,2025-04-13 12:00:00,5.44,387459.53,71224.17758358,-712.2418,-0.1835,阶段低点止损,0,否
82,JSTUSDT,2025-04-15 03:00:00,0.03089,388677.9,2025-04-15 03:00:00,0.03087,388426.25,12582644.8827342,-251.6529,-0.0647,阶段低点止损,0,否
83,MANAUSDT,2025-04-15 02:00:00,0.2746,387886.87,2025-04-15 05:00:00,0.274,387039.34,1412552.33474218,-847.5314,-0.2185,阶段低点止损,3,否
84,ARKUSDT,2025-04-16 21:00:00,0.4804,387447.2,2025-04-16 21:00:00,0.4783,385753.53,806509.56994339,-1693.6701,-0.4371,阶段低点止损,0,否
85,QIUSDT,2025-04-18 22:00:00,0.0081,386769.73,2025-04-18 22:00:00,0.00807,385337.25,47749349.30395696,-1432.4805,-0.3704,阶段低点止损,0,否
86,QKCUSDT,2025-04-20 16:00:00,0.007781,386196.74,2025-04-20 16:00:00,0.007747,384509.2,49633303.83889011,-1687.5323,-0.437,阶段低点止损,0,否
87,ACEUSDT,2025-04-22 11:00:00,0.618,385521.72,2025-04-22 11:00:00,0.616,384274.08,623821.56025598,-1247.6431,-0.3236,阶段低点止损,0,否
88,VIRTUALUSDT,2025-04-24 08:00:00,0.7263,385022.67,2025-04-24 08:00:00,0.722,382743.17,530115.19618614,-2279.4953,-0.592,阶段低点止损,0,否
89,CETUSUSDT,2025-04-26 05:00:00,0.1885,384110.87,2025-04-26 05:00:00,0.187,381054.28,2037723.44218859,-3056.5852,-0.7958,阶段低点止损,0,否
90,ADXUSDT,2025-04-28 03:00:00,0.0991,382888.23,2025-04-28 04:00:00,0.0988,381729.14,3863655.24507807,-1159.0966,-0.3027,阶段低点止损,1,否
91,BABYUSDT,2025-04-30 03:00:00,0.09076,382424.6,2025-04-30 04:00:00,0.09041,380949.84,4213580.83029779,-1474.7533,-0.3856,阶段低点止损,1,否
92,XVGUSDT,2025-04-30 04:00:00,0.005597,383081.91,2025-04-30 04:00:00,0.00556,380549.48,68444151.28950402,-2532.4336,-0.6611,阶段低点止损,0,否
93,FARMUSDT,2025-05-02 05:00:00,31.81,380821.72,2025-05-02 05:00:00,31.6,378307.65,11971.76112551,-2514.0698,-0.6602,阶段低点止损,0,否
94,QNTUSDT,2025-05-04 07:00:00,83.8,379816.09,2025-05-04 07:00:00,83.8,379816.09,4532.41161656,0.0,0.0,阶段低点止损,0,否
95,AAVEUSDT,2025-05-04 19:00:00,174.87,379816.09,2025-05-04 19:00:00,174.67,379381.7,2171.9911561,-434.3982,-0.1144,阶段低点止损,0,否
96,PSGUSDT,2025-05-07 01:00:00,2.62,379642.33,2025-05-07 01:00:00,2.611,378338.22,144901.65426545,-1304.1149,-0.3435,阶段低点止损,0,否
97,STXUSDT,2025-05-09 12:00:00,0.95,379120.69,2025-05-09 12:00:00,0.948,378322.54,399074.40865275,-798.1488,-0.2105,阶段低点止损,0,否
98,RENDERUSDT,2025-05-11 15:00:00,5.247,378801.43,2025-05-11 15:00:00,5.246,378729.23,72193.90674541,-72.1939,-0.0191,阶段低点止损,0,否
99,1000CHEEMSUSDT,2025-05-13 23:00:00,0.0017,378772.55,2025-05-13 23:00:00,0.001691,376767.28,222807383.01793763,-2005.2664,-0.5294,阶段低点止损,0,否
100,CVCUSDT,2025-05-16 11:00:00,0.1342,377970.44,2025-05-16 12:00:00,0.1332,375153.97,2816471.27087652,-2816.4713,-0.7452,阶段低点止损,1,否
101,SYRUPUSDT,2025-05-19 01:00:00,0.3607,376843.86,2025-05-19 01:00:00,0.3585,374545.39,1044757.01703155,-2298.4654,-0.6099,阶段低点止损,0,否
102,MASKUSDT,2025-05-21 10:00:00,1.691,375924.47,2025-05-21 10:00:00,1.688,375257.54,222308.97094518,-666.9269,-0.1774,阶段低点止损,0,否
103,FIOUSDT,2025-05-23 19:00:00,0.01901,375657.7,2025-05-23 19:00:00,0.01897,374867.26,19761057.29106559,-790.4423,-0.2104,阶段低点止损,0,否
104,AAVEUSDT,2025-05-26 18:00:00,266.07,375341.52,2025-05-26 18:00:00,265.68,374791.35,1410.68712063,-550.168,-0.1466,阶段低点止损,0,否
105,TWTUSDT,2025-05-29 04:00:00,0.8462,375121.45,2025-05-29 04:00:00,0.8459,374988.46,443301.17583985,-132.9904,-0.0355,阶段低点止损,0,否
106,BIFIUSDT,2025-06-01 03:00:00,186.7,375068.26,2025-06-01 03:00:00,186.0,373662.0,2008.93550538,-1406.2549,-0.3749,阶段低点止损,0,否
107,DCRUSDT,2025-06-03 15:00:00,15.62,374505.76,2025-06-03 15:00:00,15.6,374026.24,23976.04077548,-479.5208,-0.128,阶段低点止损,0,否
108,TRXUSDT,2025-06-07 05:00:00,0.2767,374313.95,2025-06-07 12:00:00,0.2776,375531.45,1352778.99742273,1217.5011,0.3253,MA5下跌破线,7,否
109,ICXUSDT,2025-06-08 06:00:00,0.1553,374800.95,2025-06-08 06:00:00,0.155,374076.93,2413399.54298739,-724.0199,-0.1932,阶段低点止损,0,否
110,DODOUSDT,2025-06-10 18:00:00,0.0448,374511.34,2025-06-10 18:00:00,0.0447,373675.38,8359628.14912464,-835.9628,-0.2232,阶段低点止损,0,否
111,EURIUSDT,2025-06-13 13:00:00,1.1509,374176.96,2025-06-13 13:00:00,1.1504,374014.4,325116.82679192,-162.5584,-0.0434,阶段低点止损,0,否
112,THEUSDT,2025-06-16 04:00:00,0.2628,374111.93,2025-06-16 04:00:00,0.2616,372403.66,1423561.38732671,-1708.2737,-0.4566,阶段低点止损,0,否
113,IOTXUSDT,2025-06-19 15:00:00,0.02273,373428.62,2025-06-19 16:00:00,0.0227,372935.76,16428887.95088181,-492.8666,-0.132,阶段低点止损,1,否
114,GNSUSDT,2025-06-23 06:00:00,1.772,373231.48,2025-06-23 07:00:00,1.754,369440.19,210627.24405651,-3791.2904,-1.0158,阶段低点止损,1,否
115,YFIUSDT,2025-06-26 00:00:00,5110.0,371714.96,2025-06-26 00:00:00,5107.0,371496.73,72.74265368,-218.228,-0.0587,阶段低点止损,0,否
116,LQTYUSDT,2025-06-28 18:00:00,1.549,371627.67,2025-06-28 18:00:00,1.547,371147.84,239914.57012686,-479.8291,-0.1291,阶段低点止损,0,否
117,SOLUSDT,2025-07-01 13:00:00,152.51,371435.74,2025-07-01 13:00:00,152.46,371313.96,2435.48447623,-121.7742,-0.0328,阶段低点止损,0,否
118,1000CHEEMSUSDT,2025-07-04 10:00:00,0.001476,371387.03,2025-07-04 10:00:00,0.001473,370632.18,251617227.4938228,-754.8517,-0.2033,阶段低点止损,0,否
119,PORTALUSDT,2025-07-04 09:00:00,0.0402,371387.03,2025-07-04 14:00:00,0.04145,382935.13,9238483.2781314,11548.1041,3.1095,MA5首次上升止损,5,否
120,DUSDT,2025-07-07 09:00:00,0.03229,375704.33,2025-07-07 09:00:00,0.03217,374308.09,11635315.22907883,-1396.2378,-0.3716,阶段低点止损,0,否
121,CELOUSDT,2025-07-10 10:00:00,0.3028,379563.95,2025-07-10 10:00:00,0.3026,379313.25,1253513.72158236,-250.7027,-0.0661,阶段低点止损,0,否
122,XLMUSDT,2025-07-10 09:00:00,0.2853,375145.83,2025-07-10 11:00:00,0.2895,380668.49,1314917.04737455,5522.6516,1.4721,MA5首次上升止损,2,否
123,ATMUSDT,2025-07-13 07:00:00,1.058,377254.61,2025-07-13 07:00:00,1.056,376541.47,356573.35837223,-713.1467,-0.189,阶段低点止损,0,否
124,FUNUSDT,2025-07-16 07:00:00,0.021801,380566.03,2025-07-16 08:00:00,0.021717,379099.69,17456356.41955528,-1466.3339,-0.3853,阶段低点止损,1,否
125,ALGOUSDT,2025-07-16 05:00:00,0.2767,376969.35,2025-07-16 09:00:00,0.28025,381805.79,1362375.69378795,4836.4337,1.283,MA5首次上升止损,4,否
126,AMPUSDT,2025-07-19 06:00:00,0.004048,379886.24,2025-07-19 06:00:00,0.00404,379135.48,93845415.31395149,-750.7633,-0.1976,阶段低点止损,0,否
127,BNBUSDT,2025-07-19 05:00:00,725.36,378317.39,2025-07-19 07:00:00,729.92,380695.7,521.55811512,2378.305,0.6287,MA5下跌破线,2,否
128,XTZUSDT,2025-07-22 02:00:00,1.0356,378968.41,2025-07-22 02:00:00,1.0315,377468.05,365940.91449746,-1500.3577,-0.3959,阶段低点止损,0,否
129,SYRUPUSDT,2025-07-25 07:00:00,0.495,378368.27,2025-07-25 07:00:00,0.4921,376151.56,764380.3393006,-2216.703,-0.5859,阶段低点止损,0,否
130,ETHFIUSDT,2025-07-28 05:00:00,1.263,377481.59,2025-07-28 05:00:00,1.258,375987.2,298876.94913714,-1494.3847,-0.3959,阶段低点止损,0,否
131,USDPUSDT,2025-07-31 03:00:00,1.0,376883.83,2025-07-31 14:00:00,1.00005,376902.68,376883.83286193,18.8442,0.005,MA5首次上升止损,11,否
132,GNSUSDT,2025-07-31 16:00:00,1.852,376891.37,2025-07-31 19:00:00,1.852,376891.37,203505.05968606,0.0,0.0,MA5下跌破线,3,否
133,OGUSDT,2025-07-31 19:00:00,5.366,378356.61,2025-07-31 20:00:00,5.343,376734.88,70509.99011709,-1621.7298,-0.4286,阶段低点止损,1,否
134,NEXOUSDT,2025-07-31 20:00:00,1.32,377060.59,2025-07-31 20:00:00,1.315,375632.33,285651.96554157,-1428.2598,-0.3788,阶段低点止损,0,否
135,OGUSDT,2025-08-03 18:00:00,5.669,375671.37,2025-08-03 18:00:00,5.659,375008.7,66267.66179193,-662.6766,-0.1764,阶段低点止损,0,否
136,ILVUSDT,2025-08-07 01:00:00,19.85,375406.3,2025-08-07 01:00:00,19.84,375217.18,18912.15637538,-189.1216,-0.0504,阶段低点止损,0,否
137,ERAUSDT,2025-08-09 22:00:00,1.0086,375330.66,2025-08-09 22:00:00,1.0072,374809.67,372130.33454864,-520.9825,-0.1388,阶段低点止损,0,否
138,USDPUSDT,2025-08-12 23:00:00,1.0,375122.26,2025-08-12 23:00:00,1.0,375122.26,375122.26243841,0.0,0.0,阶段低点止损,0,否
139,USDPUSDT,2025-08-13 02:00:00,1.0,375122.26,2025-08-13 02:00:00,1.0,375122.26,375122.26243841,0.0,0.0,阶段低点止损,0,否
140,PROMUSDT,2025-08-13 03:00:00,9.671,375122.26,2025-08-13 03:00:00,9.638,373842.25,38788.36339969,-1280.016,-0.3412,阶段低点止损,0,否
141,SCRUSDT,2025-08-15 22:00:00,0.379,374610.26,2025-08-15 22:00:00,0.378,373621.84,988417.56211488,-988.4176,-0.2639,阶段低点止损,0,否
142,PONDUSDT,2025-08-18 22:00:00,0.01033,374214.89,2025-08-18 22:00:00,0.01031,373490.37,36226029.91449109,-724.5206,-0.1936,阶段低点止损,0,否
143,MEMEUSDT,2025-08-21 19:00:00,0.002547,373925.08,2025-08-21 19:00:00,0.002531,371576.12,146810004.23140052,-2348.9601,-0.6282,阶段低点止损,0,否
144,SHELLUSDT,2025-08-24 17:00:00,0.1401,372985.5,2025-08-24 17:00:00,0.1399,372453.04,2662280.49072303,-532.4561,-0.1428,阶段低点止损,0,否
145,NTRNUSDT,2025-08-28 15:00:00,0.1159,377438.73,2025-08-28 15:00:00,0.115,374507.8,3256589.5824798,-2930.9306,-0.7765,阶段低点止损,0,否
146,MAVUSDT,2025-08-28 14:00:00,0.06391,372772.51,2025-08-28 18:00:00,0.06491,378605.29,5832772.87296258,5832.7729,1.5647,MA5首次上升止损,4,否
147,DEXEUSDT,2025-08-31 16:00:00,7.609,374063.03,2025-08-31 16:00:00,7.605,373866.39,49160.60360312,-196.6424,-0.0526,阶段低点止损,0,否
148,SYRUPUSDT,2025-08-31 15:00:00,0.461,373933.25,2025-08-31 17:00:00,0.4612,374095.48,811135.03516384,162.227,0.0434,MA5下跌破线,2,否
149,SXTUSDT,2025-09-03 15:00:00,0.0739,373919.49,2025-09-03 15:00:00,0.0738,373413.5,5059803.58657075,-505.9804,-0.1353,阶段低点止损,0,否
150,PNUTUSDT,2025-09-06 14:00:00,0.2092,373717.09,2025-09-06 14:00:00,0.2091,373538.45,1786410.57793554,-178.6411,-0.0478,阶段低点止损,0,否
151,ZECUSDT,2025-09-09 13:00:00,49.57,373645.64,2025-09-09 13:00:00,49.43,372590.35,7537.73727014,-1055.2832,-0.2824,阶段低点止损,0,否
152,BBUSDT,2025-09-12 13:00:00,0.1546,373223.52,2025-09-12 13:00:00,0.1543,372499.29,2414123.69465634,-724.2371,-0.194,阶段低点止损,0,否
153,AWEUSDT,2025-09-15 16:00:00,0.06726,372933.83,2025-09-15 16:00:00,0.06713,372213.02,5544659.95168766,-720.8058,-0.1933,阶段低点止损,0,否
154,BNBUSDT,2025-09-19 02:00:00,991.61,372874.65,2025-09-19 02:00:00,990.48,372449.74,376.0295379,-424.9134,-0.114,阶段低点止损,0,否
155,REQUSDT,2025-09-19 00:00:00,0.1301,372645.51,2025-09-19 03:00:00,0.1303,373218.37,2864300.58441986,572.8601,0.1537,MA5首次上升止损,3,否
156,XVSUSDT,2025-09-22 06:00:00,6.98,374143.1,2025-09-22 06:00:00,6.97,373607.08,53602.16388418,-536.0216,-0.1433,阶段低点止损,0,否
157,AIUSDT,2025-09-22 05:00:00,0.1451,372704.68,2025-09-22 07:00:00,0.1446,371420.38,2568605.68386386,-1284.3028,-0.3446,阶段低点止损,2,否
158,BBUSDT,2025-09-25 10:00:00,0.2225,371976.55,2025-09-25 10:00:00,0.2224,371809.37,1671804.7412869,-167.1805,-0.0449,阶段低点止损,0,否
159,EIGENUSDT,2025-09-28 14:00:00,1.806,371909.68,2025-09-28 14:00:00,1.802,371085.96,205930.05689185,-823.7202,-0.2215,阶段低点止损,0,否
160,KMNOUSDT,2025-10-02 00:00:00,0.07138,371580.19,2025-10-02 02:00:00,0.07113,370278.78,5205662.5757307,-1301.4156,-0.3502,阶段低点止损,2,否
161,PAXGUSDT,2025-10-02 02:00:00,3869.98,371351.15,2025-10-02 02:00:00,3868.64,371222.56,95.95686425,-128.5822,-0.0346,阶段低点止损,0,否
162,LAZIOUSDT,2025-10-05 13:00:00,1.089,371689.18,2025-10-05 13:00:00,1.087,371006.55,341312.37455585,-682.6247,-0.1837,阶段低点止损,0,否
163,EURIUSDT,2025-10-05 10:00:00,1.1768,371008.2,2025-10-05 18:00:00,1.1818,372584.54,315268.69095755,1576.3435,0.4249,MA5下跌破线,8,否
164,API3USDT,2025-10-08 21:00:00,0.8781,371365.68,2025-10-08 21:00:00,0.8773,371027.35,422919.57977579,-338.3357,-0.0911,阶段低点止损,0,否
165,ZECUSDT,2025-10-12 21:00:00,253.7,371230.35,2025-10-12 21:00:00,253.34,370703.57,1463.26507188,-526.7754,-0.1419,阶段低点止损,0,否
166,SYRUPUSDT,2025-10-16 07:00:00,0.4287,371019.64,2025-10-16 08:00:00,0.4251,367904.01,865452.85412932,-3115.6303,-0.8397,阶段低点止损,1,否
167,BATUSDT,2025-10-20 05:00:00,0.1949,369773.39,2025-10-20 05:00:00,0.1937,367496.69,1897246.72373162,-2276.6961,-0.6157,阶段低点止损,0,否
168,NILUSDT,2025-10-23 19:00:00,0.3232,368862.71,2025-10-23 19:00:00,0.3223,367835.55,1141283.13127445,-1027.1548,-0.2785,阶段低点止损,0,否
169,YBUSDT,2025-10-27 06:00:00,0.5525,368451.85,2025-10-27 08:00:00,0.5653,376987.93,666881.16941293,8536.079,2.3167,MA5首次上升止损,2,否
170,ETHFIUSDT,2025-10-27 08:00:00,1.042,373840.25,2025-10-27 08:00:00,1.04,373122.7,358771.8291262,-717.5437,-0.1919,阶段低点止损,0,否
171,AVAUSDT,2025-10-30 18:00:00,0.4042,371579.26,2025-10-30 18:00:00,0.4027,370200.32,919295.54731503,-1378.9433,-0.3711,阶段低点止损,0,否
172,CELOUSDT,2025-11-03 05:00:00,0.2584,371027.68,2025-11-03 08:00:00,0.2606,374186.59,1435865.6458837,3158.9044,0.8514,MA5首次上升止损,3,否
173,BARDUSDT,2025-11-03 07:00:00,0.6689,373554.81,2025-11-03 09:00:00,0.6736,376179.57,558461.36407999,2624.7684,0.7026,MA5首次上升止损,2,否
174,SHELLUSDT,2025-11-03 09:00:00,0.1165,374391.06,2025-11-03 09:00:00,0.1164,374069.69,3213657.16217739,-321.3657,-0.0858,阶段低点止损,0,否
175,BARDUSDT,2025-11-06 18:00:00,0.7022,373212.61,2025-11-06 18:00:00,0.6978,370874.05,531490.46673698,-2338.5581,-0.6266,阶段低点止损,0,否
176,COSUSDT,2025-11-10 12:00:00,0.001915,372277.18,2025-11-10 12:00:00,0.0019,369361.17,194400617.5045697,-2916.0093,-0.7833,阶段低点止损,0,否
177,PARTIUSDT,2025-11-13 22:00:00,0.0883,371110.78,2025-11-13 22:00:00,0.0878,369009.36,4202840.07719392,-2101.42,-0.5663,阶段低点止损,0,否
178,RESOLVUSDT,2025-11-17 13:00:00,0.178,370270.21,2025-11-17 13:00:00,0.178,370270.21,2080169.72359991,0.0,0.0,阶段低点止损,0,否
179,SIGNUSDT,2025-11-17 17:00:00,0.03937,371812.11,2025-11-17 17:00:00,0.03917,369923.3,9444046.50857016,-1888.8093,-0.508,阶段低点止损,0,否
180,RESOLVUSDT,2025-11-17 16:00:00,0.1729,370270.21,2025-11-18 01:00:00,0.1803,386117.52,2141528.11336486,15847.308,4.2799,MA5下跌破线,9,否
181,SIGNUSDT,2025-11-21 03:00:00,0.04003,375853.61,2025-11-21 04:00:00,0.03979,373600.18,9389298.28367871,-2253.4316,-0.5996,阶段低点止损,1,否
182,MITOUSDT,2025-11-24 20:00:00,0.08986,385890.88,2025-11-24 20:00:00,0.08964,384946.12,4294356.51774488,-944.7584,-0.2448,阶段低点止损,0,否
183,GPSUSDT,2025-11-24 19:00:00,0.00617,374952.24,2025-11-25 02:00:00,0.00692,420529.9,60770216.8007173,45577.6626,12.1556,MA5下跌破线,7,否
184,SUPERUSDT,2025-11-28 07:00:00,0.2503,392805.4,2025-11-28 07:00:00,0.2493,391236.06,1569338.39123883,-1569.3384,-0.3995,阶段低点止损,0,否
185,LQTYUSDT,2025-12-01 16:00:00,0.515,392177.66,2025-12-01 16:00:00,0.512,389893.13,761510.02712735,-2284.5301,-0.5825,阶段低点止损,0,否
186,BIFIUSDT,2025-12-05 02:00:00,113.3,391263.85,2025-12-05 02:00:00,113.2,390918.52,3453.34379469,-345.3344,-0.0883,阶段低点止损,0,否
187,BCHUSDT,2025-12-08 20:00:00,593.9,391125.72,2025-12-08 20:00:00,593.3,390730.58,658.57167568,-395.143,-0.101,阶段低点止损,0,否
188,EURIUSDT,2025-12-12 10:00:00,1.1724,390967.66,2025-12-12 14:00:00,1.1728,391101.05,333476.33997277,133.3905,0.0341,MA5首次上升止损,4,否
189,BARDUSDT,2025-12-12 14:00:00,0.8687,391074.37,2025-12-12 15:00:00,0.8612,387698.0,450183.46196946,-3376.376,-0.8634,阶段低点止损,1,否
190,SOMIUSDT,2025-12-16 02:00:00,0.2831,389670.47,2025-12-16 02:00:00,0.2814,387330.52,1376441.06963111,-2339.9498,-0.6005,阶段低点止损,0,否
191,CUSDT,2025-12-19 23:00:00,0.088,388734.49,2025-12-19 23:00:00,0.0873,385642.28,4417437.35096839,-3092.2061,-0.7955,阶段低点止损,0,否
192,JASMYUSDT,2025-12-23 12:00:00,0.00622,387497.6,2025-12-23 12:00:00,0.00621,386874.62,62298650.22941275,-622.9865,-0.1608,阶段低点止损,0,否
193,CRVUSDT,2025-12-27 02:00:00,0.388,387248.41,2025-12-27 04:00:00,0.3861,385352.09,998062.91192276,-1896.3195,-0.4897,阶段低点止损,2,否
194,MLNUSDT,2025-12-27 03:00:00,4.94,386929.03,2025-12-27 04:00:00,4.94,386929.03,78325.714513,0.0,0.0,MA5首次上升止损,1,否
195,GUSDT,2025-12-30 22:00:00,0.00449,387444.42,2025-12-30 22:00:00,0.00448,386581.52,86290517.48944041,-862.9052,-0.2227,阶段低点止损,0,否
196,AVNTUSDT,2025-12-30 19:00:00,0.3887,386489.88,2025-12-31 00:00:00,0.3919,389671.69,994314.07772824,3181.805,0.8233,MA5首次上升止损,5,否
197,BBUSDT,2026-01-03 13:00:00,0.0634,387417.44,2026-01-03 13:00:00,0.0633,386806.37,6110685.20445588,-611.0685,-0.1577,阶段低点止损,0,否
198,XRPUSDT,2026-01-07 02:00:00,2.2091,387173.01,2026-01-07 02:00:00,2.2079,386962.7,175262.78328474,-210.3153,-0.0543,阶段低点止损,0,否
199,IQUSDT,2026-01-10 16:00:00,0.001746,387088.89,2026-01-10 17:00:00,0.001743,386423.79,221700394.28313163,-665.1012,-0.1718,MA5上升后止损,1,否
200,GPSUSDT,2026-01-10 17:00:00,0.00656,387000.21,2026-01-10 17:00:00,0.00651,384050.51,58993934.18607234,-2949.6967,-0.7622,阶段低点止损,0,否
201,OSMOUSDT,2026-01-14 13:00:00,0.0624,385642.97,2026-01-14 13:00:00,0.062,383170.9,6180175.7894469,-2472.0703,-0.641,阶段低点止损,0,否
202,PIXELUSDT,2026-01-18 06:00:00,0.01035,384654.14,2026-01-18 06:00:00,0.01032,383539.2,37164651.31740822,-1114.9395,-0.2899,阶段低点止损,0,否
203,AXSUSDT,2026-01-22 01:00:00,2.18,384208.17,2026-01-22 01:00:00,2.166,381740.77,176242.27766943,-2467.3919,-0.6422,阶段低点止损,0,否
204,REDUSDT,2026-01-25 20:00:00,0.2409,383221.21,2026-01-25 20:00:00,0.2408,383062.13,1590789.57477965,-159.079,-0.0415,阶段低点止损,0,否
205,WLDUSDT,2026-01-29 16:00:00,0.5077,383157.58,2026-01-29 16:00:00,0.5054,381421.78,754692.88355609,-1735.7936,-0.453,阶段低点止损,0,否
206,KITEUSDT,2026-02-03 16:00:00,0.1458,382463.26,2026-02-03 16:00:00,0.1449,380102.38,2623204.79786389,-2360.8843,-0.6173,阶段低点止损,0,否
207,AWEUSDT,2026-02-07 16:00:00,0.07261,381518.91,2026-02-07 16:00:00,0.07236,380205.32,5254357.60640853,-1313.5894,-0.3443,阶段低点止损,0,否
208,COWUSDT,2026-02-11 15:00:00,0.1758,380993.47,2026-02-11 15:00:00,0.1758,380993.47,2167198.35062959,0.0,0.0,阶段低点止损,0,否
209,KITEUSDT,2026-02-11 16:00:00,0.1809,380993.47,2026-02-11 18:00:00,0.179,376991.88,2106099.88966657,-4001.5898,-1.0503,阶段低点止损,2,否
210,BATUSDT,2026-02-11 17:00:00,0.1287,381161.96,2026-02-11 18:00:00,0.1286,380865.79,2961631.3755389,-296.1631,-0.0777,MA5下跌破线,1,否
211,CRVUSDT,2026-02-15 18:00:00,0.2601,382013.17,2026-02-15 18:00:00,0.2595,381131.94,1468716.53789667,-881.2299,-0.2307,阶段低点止损,0,否
212,ZECUSDT,2026-02-15 17:00:00,304.66,379274.37,2026-02-15 19:00:00,307.89,383295.43,1244.91028973,4021.0602,1.0602,MA5下跌破线,2,否
213,WLFIUSDT,2026-02-19 18:00:00,0.1162,380530.3,2026-02-19 19:00:00,0.11675,382331.43,3274787.4440168,1801.1331,0.4733,MA5首次上升止损,1,否
214,FOGOUSDT,2026-02-19 19:00:00,0.02478,381971.21,2026-02-19 19:00:00,0.0247,380738.05,15414495.86239384,-1233.1597,-0.3228,阶段低点止损,0,否
215,AGLDUSDT,2026-02-23 21:00:00,0.344,380757.49,2026-02-23 21:00:00,0.342,378543.78,1106853.16966523,-2213.7063,-0.5814,阶段低点止损,0,否
216,REDUSDT,2026-02-27 19:00:00,0.1707,379872.01,2026-02-27 19:00:00,0.1705,379426.93,2225377.90175224,-445.0756,-0.1172,阶段低点止损,0,否
217,AAVEUSDT,2026-03-03 18:00:00,116.94,379693.98,2026-03-03 18:00:00,116.84,379369.29,3246.91275523,-324.6913,-0.0855,阶段低点止损,0,否
218,ALLOUSDT,2026-03-07 18:00:00,0.1239,379564.1,2026-03-07 18:00:00,0.123,376806.98,3063471.35663243,-2757.1242,-0.7264,阶段低点止损,0,否
219,FLOWUSDT,2026-03-11 19:00:00,0.05738,378461.25,2026-03-11 19:00:00,0.05716,377010.2,6595699.74552753,-1451.0539,-0.3834,阶段低点止损,0,否
220,TOWNSUSDT,2026-03-15 21:00:00,0.00409,377880.83,2026-03-15 21:00:00,0.00408,376956.92,92391400.93417199,-923.914,-0.2445,阶段低点止损,0,否
221,JSTUSDT,2026-03-20 06:00:00,0.05896,377511.26,2026-03-20 06:00:00,0.05889,377063.07,6402836.91005812,-448.1986,-0.1187,阶段低点止损,0,否
222,BCHUSDT,2026-03-24 10:00:00,473.5,377331.98,2026-03-24 10:00:00,473.0,376933.53,796.89965107,-398.4498,-0.1056,阶段低点止损,0,否
